Date,Power,Company
2023-05-01 00:00:00,3142.0000,zhejiang
2023-05-01 00:15:00,2985.0000,zhejiang
2023-05-01 00:30:00,3062.0000,zhejiang
2023-05-01 00:45:00,3022.0000,zhejiang
2023-05-01 01:00:00,2912.0000,zhejiang
2023-05-01 01:15:00,2897.0000,zhejiang
2023-05-01 01:30:00,2978.0000,zhejiang
2023-05-01 01:45:00,2857.0000,zhejiang
2023-05-01 02:00:00,2931.0000,zhejiang
2023-05-01 02:15:00,2941.0000,zhejiang
2023-05-01 02:30:00,2850.0000,zhejiang
2023-05-01 02:45:00,2676.0000,zhejiang
2023-05-01 03:00:00,2791.0000,zhejiang
2023-05-01 03:15:00,2828.0000,zhejiang
2023-05-01 03:30:00,2851.0000,zhejiang
2023-05-01 03:45:00,2700.0000,zhejiang
2023-05-01 04:00:00,2676.0000,zhejiang
2023-05-01 04:15:00,2588.0000,zhejiang
2023-05-01 04:30:00,2489.0000,zhejiang
2023-05-01 04:45:00,2388.0000,zhejiang
2023-05-01 05:00:00,2445.0000,zhejiang
2023-05-01 05:15:00,2437.0000,zhejiang
2023-05-01 05:30:00,2487.0000,zhejiang
2023-05-01 05:45:00,2275.0000,zhejiang
2023-05-01 06:00:00,2432.0000,zhejiang
2023-05-01 06:15:00,2303.0000,zhejiang
2023-05-01 06:30:00,2054.0000,zhejiang
2023-05-01 06:45:00,2037.0000,zhejiang
2023-05-01 07:00:00,1873.0000,zhejiang
2023-05-01 07:15:00,1671.0000,zhejiang
2023-05-01 07:30:00,1553.0000,zhejiang
2023-05-01 07:45:00,1425.0000,zhejiang
2023-05-01 08:00:00,1416.0000,zhejiang
2023-05-01 08:15:00,1220.0000,zhejiang
2023-05-01 08:30:00,933.0000,zhejiang
2023-05-01 08:45:00,742.0000,zhejiang
2023-05-01 09:00:00,628.0000,zhejiang
2023-05-01 09:15:00,582.0000,zhejiang
2023-05-01 09:30:00,507.0000,zhejiang
2023-05-01 09:45:00,533.0000,zhejiang
2023-05-01 10:00:00,495.0000,zhejiang
2023-05-01 10:15:00,490.0000,zhejiang
2023-05-01 10:30:00,449.0000,zhejiang
2023-05-01 10:45:00,443.0000,zhejiang
2023-05-01 11:00:00,460.0000,zhejiang
2023-05-01 11:15:00,442.0000,zhejiang
2023-05-01 11:30:00,431.0000,zhejiang
2023-05-01 11:45:00,446.0000,zhejiang
2023-05-01 12:00:00,472.0000,zhejiang
2023-05-01 12:15:00,433.0000,zhejiang
2023-05-01 12:30:00,428.0000,zhejiang
2023-05-01 12:45:00,414.0000,zhejiang
2023-05-01 13:00:00,402.0000,zhejiang
2023-05-01 13:15:00,411.0000,zhejiang
2023-05-01 13:30:00,426.0000,zhejiang
2023-05-01 13:45:00,449.0000,zhejiang
2023-05-01 14:00:00,527.0000,zhejiang
2023-05-01 14:15:00,504.0000,zhejiang
2023-05-01 14:30:00,529.0000,zhejiang
2023-05-01 14:45:00,470.0000,zhejiang
2023-05-01 15:00:00,540.0000,zhejiang
2023-05-01 15:15:00,537.0000,zhejiang
2023-05-01 15:30:00,528.0000,zhejiang
2023-05-01 15:45:00,519.0000,zhejiang
2023-05-01 16:00:00,507.0000,zhejiang
2023-05-01 16:15:00,437.0000,zhejiang
2023-05-01 16:30:00,543.0000,zhejiang
2023-05-01 16:45:00,535.0000,zhejiang
2023-05-01 17:00:00,507.0000,zhejiang
2023-05-01 17:15:00,307.0000,zhejiang
2023-05-01 17:30:00,352.0000,zhejiang
2023-05-01 17:45:00,360.0000,zhejiang
2023-05-01 18:00:00,381.0000,zhejiang
2023-05-01 18:15:00,355.0000,zhejiang
2023-05-01 18:30:00,322.0000,zhejiang
2023-05-01 18:45:00,511.0000,zhejiang
2023-05-01 19:00:00,524.0000,zhejiang
2023-05-01 19:15:00,562.0000,zhejiang
2023-05-01 19:30:00,645.0000,zhejiang
2023-05-01 19:45:00,556.0000,zhejiang
2023-05-01 20:00:00,622.0000,zhejiang
2023-05-01 20:15:00,576.0000,zhejiang
2023-05-01 20:30:00,623.0000,zhejiang
2023-05-01 20:45:00,652.0000,zhejiang
2023-05-01 21:00:00,619.0000,zhejiang
2023-05-01 21:15:00,648.0000,zhejiang
2023-05-01 21:30:00,650.0000,zhejiang
2023-05-01 21:45:00,698.0000,zhejiang
2023-05-01 22:00:00,687.0000,zhejiang
2023-05-01 22:15:00,698.0000,zhejiang
2023-05-01 22:30:00,617.0000,zhejiang
2023-05-01 22:45:00,655.0000,zhejiang
2023-05-01 23:00:00,593.0000,zhejiang
2023-05-01 23:15:00,663.0000,zhejiang
2023-05-01 23:30:00,584.0000,zhejiang
2023-05-01 23:45:00,652.0000,zhejiang
2023-05-02 00:00:00,595.0000,zhejiang
2023-05-02 00:15:00,648.0000,zhejiang
2023-05-02 00:30:00,643.0000,zhejiang
2023-05-02 00:45:00,655.0000,zhejiang
2023-05-02 01:00:00,646.0000,zhejiang
2023-05-02 01:15:00,623.0000,zhejiang
2023-05-02 01:30:00,644.0000,zhejiang
2023-05-02 01:45:00,635.0000,zhejiang
2023-05-02 02:00:00,633.0000,zhejiang
2023-05-02 02:15:00,724.0000,zhejiang
2023-05-02 02:30:00,700.0000,zhejiang
2023-05-02 02:45:00,745.0000,zhejiang
2023-05-02 03:00:00,747.0000,zhejiang
2023-05-02 03:15:00,685.0000,zhejiang
2023-05-02 03:30:00,740.0000,zhejiang
2023-05-02 03:45:00,750.0000,zhejiang
2023-05-02 04:00:00,777.0000,zhejiang
2023-05-02 04:15:00,791.0000,zhejiang
2023-05-02 04:30:00,775.0000,zhejiang
2023-05-02 04:45:00,768.0000,zhejiang
2023-05-02 05:00:00,678.0000,zhejiang
2023-05-02 05:15:00,744.0000,zhejiang
2023-05-02 05:30:00,698.0000,zhejiang
2023-05-02 05:45:00,747.0000,zhejiang
2023-05-02 06:00:00,681.0000,zhejiang
2023-05-02 06:15:00,665.0000,zhejiang
2023-05-02 06:30:00,659.0000,zhejiang
2023-05-02 06:45:00,589.0000,zhejiang
2023-05-02 07:00:00,673.0000,zhejiang
2023-05-02 07:15:00,707.0000,zhejiang
2023-05-02 07:30:00,653.0000,zhejiang
2023-05-02 07:45:00,796.0000,zhejiang
2023-05-02 08:00:00,862.0000,zhejiang
2023-05-02 08:15:00,1057.0000,zhejiang
2023-05-02 08:30:00,1067.0000,zhejiang
2023-05-02 08:45:00,1159.0000,zhejiang
2023-05-02 09:00:00,1236.0000,zhejiang
2023-05-02 09:15:00,1450.0000,zhejiang
2023-05-02 09:30:00,1564.0000,zhejiang
2023-05-02 09:45:00,1660.0000,zhejiang
2023-05-02 10:00:00,1497.0000,zhejiang
2023-05-02 10:15:00,1649.0000,zhejiang
2023-05-02 10:30:00,1764.0000,zhejiang
2023-05-02 10:45:00,1789.0000,zhejiang
2023-05-02 11:00:00,1676.0000,zhejiang
2023-05-02 11:15:00,1762.0000,zhejiang
2023-05-02 11:30:00,1764.0000,zhejiang
2023-05-02 11:45:00,1956.0000,zhejiang
2023-05-02 12:00:00,1870.0000,zhejiang
2023-05-02 12:15:00,2158.0000,zhejiang
2023-05-02 12:30:00,2165.0000,zhejiang
2023-05-02 12:45:00,2096.0000,zhejiang
2023-05-02 13:00:00,2143.0000,zhejiang
2023-05-02 13:15:00,2128.0000,zhejiang
2023-05-02 13:30:00,2187.0000,zhejiang
2023-05-02 13:45:00,2209.0000,zhejiang
2023-05-02 14:00:00,2165.0000,zhejiang
2023-05-02 14:15:00,2155.0000,zhejiang
2023-05-02 14:30:00,2209.0000,zhejiang
2023-05-02 14:45:00,2207.0000,zhejiang
2023-05-02 15:00:00,2243.0000,zhejiang
2023-05-02 15:15:00,2325.0000,zhejiang
2023-05-02 15:30:00,2501.0000,zhejiang
2023-05-02 15:45:00,2632.0000,zhejiang
2023-05-02 16:00:00,2825.0000,zhejiang
2023-05-02 16:15:00,2956.0000,zhejiang
2023-05-02 16:30:00,3255.0000,zhejiang
2023-05-02 16:45:00,3405.0000,zhejiang
2023-05-02 17:00:00,3435.0000,zhejiang
2023-05-02 17:15:00,3212.0000,zhejiang
2023-05-02 17:30:00,3167.0000,zhejiang
2023-05-02 17:45:00,3088.0000,zhejiang
2023-05-02 18:00:00,3133.0000,zhejiang
2023-05-02 18:15:00,2980.0000,zhejiang
2023-05-02 18:30:00,3047.0000,zhejiang
2023-05-02 18:45:00,3239.0000,zhejiang
2023-05-02 19:00:00,3197.0000,zhejiang
2023-05-02 19:15:00,3042.0000,zhejiang
2023-05-02 19:30:00,3094.0000,zhejiang
2023-05-02 19:45:00,3126.0000,zhejiang
2023-05-02 20:00:00,2899.0000,zhejiang
2023-05-02 20:15:00,3310.0000,zhejiang
2023-05-02 20:30:00,2998.0000,zhejiang
2023-05-02 20:45:00,2941.0000,zhejiang
2023-05-02 21:00:00,2789.0000,zhejiang
2023-05-02 21:15:00,2754.0000,zhejiang
2023-05-02 21:30:00,2755.0000,zhejiang
2023-05-02 21:45:00,2899.0000,zhejiang
2023-05-02 22:00:00,2931.0000,zhejiang
2023-05-02 22:15:00,2644.0000,zhejiang
2023-05-02 22:30:00,2806.0000,zhejiang
2023-05-02 22:45:00,2752.0000,zhejiang
2023-05-02 23:00:00,2615.0000,zhejiang
2023-05-02 23:15:00,2631.0000,zhejiang
2023-05-02 23:30:00,2843.0000,zhejiang
2023-05-02 23:45:00,2651.0000,zhejiang
2023-05-03 00:00:00,2661.0000,zhejiang
2023-05-03 00:15:00,2646.0000,zhejiang
2023-05-03 00:30:00,2691.0000,zhejiang
2023-05-03 00:45:00,2789.0000,zhejiang
2023-05-03 01:00:00,2737.0000,zhejiang
2023-05-03 01:15:00,2744.0000,zhejiang
2023-05-03 01:30:00,2814.0000,zhejiang
2023-05-03 01:45:00,2723.0000,zhejiang
2023-05-03 02:00:00,2587.0000,zhejiang
2023-05-03 02:15:00,2636.0000,zhejiang
2023-05-03 02:30:00,2808.0000,zhejiang
2023-05-03 02:45:00,2875.0000,zhejiang
2023-05-03 03:00:00,2850.0000,zhejiang
2023-05-03 03:15:00,2853.0000,zhejiang
2023-05-03 03:30:00,2968.0000,zhejiang
2023-05-03 03:45:00,2973.0000,zhejiang
2023-05-03 04:00:00,2976.0000,zhejiang
2023-05-03 04:15:00,3169.0000,zhejiang
2023-05-03 04:30:00,3207.0000,zhejiang
2023-05-03 04:45:00,3062.0000,zhejiang
2023-05-03 05:00:00,3175.0000,zhejiang
2023-05-03 05:15:00,3131.0000,zhejiang
2023-05-03 05:30:00,3012.0000,zhejiang
2023-05-03 05:45:00,2804.0000,zhejiang
2023-05-03 06:00:00,2877.0000,zhejiang
2023-05-03 06:15:00,2776.0000,zhejiang
2023-05-03 06:30:00,2781.0000,zhejiang
2023-05-03 06:45:00,2833.0000,zhejiang
2023-05-03 07:00:00,2739.0000,zhejiang
2023-05-03 07:15:00,2706.0000,zhejiang
2023-05-03 07:30:00,2735.0000,zhejiang
2023-05-03 07:45:00,2715.0000,zhejiang
2023-05-03 08:00:00,2614.0000,zhejiang
2023-05-03 08:15:00,2583.0000,zhejiang
2023-05-03 08:30:00,2976.0000,zhejiang
2023-05-03 08:45:00,3116.0000,zhejiang
2023-05-03 09:00:00,3088.0000,zhejiang
2023-05-03 09:15:00,3023.0000,zhejiang
2023-05-03 09:30:00,3175.0000,zhejiang
2023-05-03 09:45:00,3030.0000,zhejiang
2023-05-03 10:00:00,3229.0000,zhejiang
2023-05-03 10:15:00,3275.0000,zhejiang
2023-05-03 10:30:00,3330.0000,zhejiang
2023-05-03 10:45:00,3121.0000,zhejiang
2023-05-03 11:00:00,3086.0000,zhejiang
2023-05-03 11:15:00,3003.0000,zhejiang
2023-05-03 11:30:00,2929.0000,zhejiang
2023-05-03 11:45:00,3115.0000,zhejiang
2023-05-03 12:00:00,3221.0000,zhejiang
2023-05-03 12:15:00,3420.0000,zhejiang
2023-05-03 12:30:00,3617.0000,zhejiang
2023-05-03 12:45:00,3647.0000,zhejiang
2023-05-03 13:00:00,3460.0000,zhejiang
2023-05-03 13:15:00,3443.0000,zhejiang
2023-05-03 13:30:00,3506.0000,zhejiang
2023-05-03 13:45:00,3410.0000,zhejiang
2023-05-03 14:00:00,3602.0000,zhejiang
2023-05-03 14:15:00,3620.0000,zhejiang
2023-05-03 14:30:00,3744.0000,zhejiang
2023-05-03 14:45:00,3764.0000,zhejiang
2023-05-03 15:00:00,3533.0000,zhejiang
2023-05-03 15:15:00,3599.0000,zhejiang
2023-05-03 15:30:00,3639.0000,zhejiang
2023-05-03 15:45:00,3329.0000,zhejiang
2023-05-03 16:00:00,3231.0000,zhejiang
2023-05-03 16:15:00,3283.0000,zhejiang
2023-05-03 16:30:00,3416.0000,zhejiang
2023-05-03 16:45:00,3386.0000,zhejiang
2023-05-03 17:00:00,3423.0000,zhejiang
2023-05-03 17:15:00,3123.0000,zhejiang
2023-05-03 17:30:00,3211.0000,zhejiang
2023-05-03 17:45:00,3327.0000,zhejiang
2023-05-03 18:00:00,3442.0000,zhejiang
2023-05-03 18:15:00,3501.0000,zhejiang
2023-05-03 18:30:00,3462.0000,zhejiang
2023-05-03 18:45:00,3413.0000,zhejiang
2023-05-03 19:00:00,3486.0000,zhejiang
2023-05-03 19:15:00,3308.0000,zhejiang
2023-05-03 19:30:00,3089.0000,zhejiang
2023-05-03 19:45:00,3314.0000,zhejiang
2023-05-03 20:00:00,3035.0000,zhejiang
2023-05-03 20:15:00,3233.0000,zhejiang
2023-05-03 20:30:00,3099.0000,zhejiang
2023-05-03 20:45:00,3246.0000,zhejiang
2023-05-03 21:00:00,3209.0000,zhejiang
2023-05-03 21:15:00,3088.0000,zhejiang
2023-05-03 21:30:00,3071.0000,zhejiang
2023-05-03 21:45:00,3157.0000,zhejiang
2023-05-03 22:00:00,3115.0000,zhejiang
2023-05-03 22:15:00,3172.0000,zhejiang
2023-05-03 22:30:00,2863.0000,zhejiang
2023-05-03 22:45:00,2970.0000,zhejiang
2023-05-03 23:00:00,2846.0000,zhejiang
2023-05-03 23:15:00,2911.0000,zhejiang
2023-05-03 23:30:00,2975.0000,zhejiang
2023-05-03 23:45:00,2873.0000,zhejiang
2023-05-04 00:00:00,2809.0000,zhejiang
2023-05-04 00:15:00,2796.0000,zhejiang
2023-05-04 00:30:00,2863.0000,zhejiang
2023-05-04 00:45:00,3013.0000,zhejiang
2023-05-04 01:00:00,2833.0000,zhejiang
2023-05-04 01:15:00,2691.0000,zhejiang
2023-05-04 01:30:00,2708.0000,zhejiang
2023-05-04 01:45:00,2870.0000,zhejiang
2023-05-04 02:00:00,2757.0000,zhejiang
2023-05-04 02:15:00,2792.0000,zhejiang
2023-05-04 02:30:00,2841.0000,zhejiang
2023-05-04 02:45:00,2745.0000,zhejiang
2023-05-04 03:00:00,2914.0000,zhejiang
2023-05-04 03:15:00,2614.0000,zhejiang
2023-05-04 03:30:00,2740.0000,zhejiang
2023-05-04 03:45:00,2713.0000,zhejiang
2023-05-04 04:00:00,2782.0000,zhejiang
2023-05-04 04:15:00,2676.0000,zhejiang
2023-05-04 04:30:00,2895.0000,zhejiang
2023-05-04 04:45:00,2497.0000,zhejiang
2023-05-04 05:00:00,2374.0000,zhejiang
2023-05-04 05:15:00,2599.0000,zhejiang
2023-05-04 05:30:00,2563.0000,zhejiang
2023-05-04 05:45:00,2526.0000,zhejiang
2023-05-04 06:00:00,2521.0000,zhejiang
2023-05-04 06:15:00,2415.0000,zhejiang
2023-05-04 06:30:00,2437.0000,zhejiang
2023-05-04 06:45:00,2401.0000,zhejiang
2023-05-04 07:00:00,2442.0000,zhejiang
2023-05-04 07:15:00,2454.0000,zhejiang
2023-05-04 07:30:00,2511.0000,zhejiang
2023-05-04 07:45:00,2506.0000,zhejiang
2023-05-04 08:00:00,2320.0000,zhejiang
2023-05-04 08:15:00,2534.0000,zhejiang
2023-05-04 08:30:00,2551.0000,zhejiang
2023-05-04 08:45:00,2556.0000,zhejiang
2023-05-04 09:00:00,2676.0000,zhejiang
2023-05-04 09:15:00,2948.0000,zhejiang
2023-05-04 09:30:00,2922.0000,zhejiang
2023-05-04 09:45:00,2683.0000,zhejiang
2023-05-04 10:00:00,2637.0000,zhejiang
2023-05-04 10:15:00,2649.0000,zhejiang
2023-05-04 10:30:00,2875.0000,zhejiang
2023-05-04 10:45:00,2774.0000,zhejiang
2023-05-04 11:00:00,2732.0000,zhejiang
2023-05-04 11:15:00,2368.0000,zhejiang
2023-05-04 11:30:00,2501.0000,zhejiang
2023-05-04 11:45:00,2816.0000,zhejiang
2023-05-04 12:00:00,2948.0000,zhejiang
2023-05-04 12:15:00,2752.0000,zhejiang
2023-05-04 12:30:00,3018.0000,zhejiang
2023-05-04 12:45:00,3121.0000,zhejiang
2023-05-04 13:00:00,3158.0000,zhejiang
2023-05-04 13:15:00,3143.0000,zhejiang
2023-05-04 13:30:00,2772.0000,zhejiang
2023-05-04 13:45:00,3281.0000,zhejiang
2023-05-04 14:00:00,3184.0000,zhejiang
2023-05-04 14:15:00,3175.0000,zhejiang
2023-05-04 14:30:00,3174.0000,zhejiang
2023-05-04 14:45:00,2985.0000,zhejiang
2023-05-04 15:00:00,3101.0000,zhejiang
2023-05-04 15:15:00,3314.0000,zhejiang
2023-05-04 15:30:00,3308.0000,zhejiang
2023-05-04 15:45:00,3099.0000,zhejiang
2023-05-04 16:00:00,3246.0000,zhejiang
2023-05-04 16:15:00,3327.0000,zhejiang
2023-05-04 16:30:00,3150.0000,zhejiang
2023-05-04 16:45:00,3393.0000,zhejiang
2023-05-04 17:00:00,3329.0000,zhejiang
2023-05-04 17:15:00,3221.0000,zhejiang
2023-05-04 17:30:00,3131.0000,zhejiang
2023-05-04 17:45:00,2953.0000,zhejiang
2023-05-04 18:00:00,3005.0000,zhejiang
2023-05-04 18:15:00,3140.0000,zhejiang
2023-05-04 18:30:00,3162.0000,zhejiang
2023-05-04 18:45:00,3354.0000,zhejiang
2023-05-04 19:00:00,3180.0000,zhejiang
2023-05-04 19:15:00,3231.0000,zhejiang
2023-05-04 19:30:00,2937.0000,zhejiang
2023-05-04 19:45:00,3099.0000,zhejiang
2023-05-04 20:00:00,2811.0000,zhejiang
2023-05-04 20:15:00,2681.0000,zhejiang
2023-05-04 20:30:00,2779.0000,zhejiang
2023-05-04 20:45:00,2836.0000,zhejiang
2023-05-04 21:00:00,2853.0000,zhejiang
2023-05-04 21:15:00,2929.0000,zhejiang
2023-05-04 21:30:00,3190.0000,zhejiang
2023-05-04 21:45:00,3148.0000,zhejiang
2023-05-04 22:00:00,3317.0000,zhejiang
2023-05-04 22:15:00,3241.0000,zhejiang
2023-05-04 22:30:00,3180.0000,zhejiang
2023-05-04 22:45:00,3089.0000,zhejiang
2023-05-04 23:00:00,3163.0000,zhejiang
2023-05-04 23:15:00,3115.0000,zhejiang
2023-05-04 23:30:00,2887.0000,zhejiang
2023-05-04 23:45:00,2708.0000,zhejiang
2023-05-06 00:00:00,3255.0000,zhejiang
2023-05-06 00:15:00,3125.0000,zhejiang
2023-05-06 00:30:00,3233.0000,zhejiang
2023-05-06 00:45:00,3045.0000,zhejiang
2023-05-06 01:00:00,2919.0000,zhejiang
2023-05-06 01:15:00,3012.0000,zhejiang
2023-05-06 01:30:00,3005.0000,zhejiang
2023-05-06 01:45:00,3003.0000,zhejiang
2023-05-06 02:00:00,3074.0000,zhejiang
2023-05-06 02:15:00,2937.0000,zhejiang
2023-05-06 02:30:00,2777.0000,zhejiang
2023-05-06 02:45:00,2936.0000,zhejiang
2023-05-06 03:00:00,2975.0000,zhejiang
2023-05-06 03:15:00,3017.0000,zhejiang
2023-05-06 03:30:00,2835.0000,zhejiang
2023-05-06 03:45:00,2961.0000,zhejiang
2023-05-06 04:00:00,2895.0000,zhejiang
2023-05-06 04:15:00,2863.0000,zhejiang
2023-05-06 04:30:00,2771.0000,zhejiang
2023-05-06 04:45:00,2865.0000,zhejiang
2023-05-06 05:00:00,3020.0000,zhejiang
2023-05-06 05:15:00,2787.0000,zhejiang
2023-05-06 05:30:00,2577.0000,zhejiang
2023-05-06 05:45:00,2922.0000,zhejiang
2023-05-06 06:00:00,2980.0000,zhejiang
2023-05-06 06:15:00,2873.0000,zhejiang
2023-05-06 06:30:00,2804.0000,zhejiang
2023-05-06 06:45:00,2676.0000,zhejiang
2023-05-06 07:00:00,2809.0000,zhejiang
2023-05-06 07:15:00,2705.0000,zhejiang
2023-05-06 07:30:00,2774.0000,zhejiang
2023-05-06 07:45:00,2744.0000,zhejiang
2023-05-06 08:00:00,2825.0000,zhejiang
2023-05-06 08:15:00,3003.0000,zhejiang
2023-05-06 08:30:00,3000.0000,zhejiang
2023-05-06 08:45:00,3056.0000,zhejiang
2023-05-06 09:00:00,3180.0000,zhejiang
2023-05-06 09:15:00,3076.0000,zhejiang
2023-05-06 09:30:00,3158.0000,zhejiang
2023-05-06 09:45:00,3158.0000,zhejiang
2023-05-06 10:00:00,3074.0000,zhejiang
2023-05-06 10:15:00,3081.0000,zhejiang
2023-05-06 10:30:00,3261.0000,zhejiang
2023-05-06 10:45:00,3307.0000,zhejiang
2023-05-06 11:00:00,3170.0000,zhejiang
2023-05-06 11:15:00,3155.0000,zhejiang
2023-05-06 11:30:00,2860.0000,zhejiang
2023-05-06 11:45:00,2878.0000,zhejiang
2023-05-06 12:00:00,2948.0000,zhejiang
2023-05-06 12:15:00,3260.0000,zhejiang
2023-05-06 12:30:00,3295.0000,zhejiang
2023-05-06 12:45:00,3405.0000,zhejiang
2023-05-06 13:00:00,3347.0000,zhejiang
2023-05-06 13:15:00,3167.0000,zhejiang
2023-05-06 13:30:00,3302.0000,zhejiang
2023-05-06 13:45:00,3361.0000,zhejiang
2023-05-06 14:00:00,3268.0000,zhejiang
2023-05-06 14:15:00,3184.0000,zhejiang
2023-05-06 14:30:00,3074.0000,zhejiang
2023-05-06 14:45:00,3044.0000,zhejiang
2023-05-06 15:00:00,3000.0000,zhejiang
2023-05-06 15:15:00,3275.0000,zhejiang
2023-05-06 15:30:00,3285.0000,zhejiang
2023-05-06 15:45:00,3160.0000,zhejiang
2023-05-06 16:00:00,3275.0000,zhejiang
2023-05-06 16:15:00,3307.0000,zhejiang
2023-05-06 16:30:00,3349.0000,zhejiang
2023-05-06 16:45:00,3022.0000,zhejiang
2023-05-06 17:00:00,3039.0000,zhejiang
2023-05-06 17:15:00,3180.0000,zhejiang
2023-05-06 17:30:00,3182.0000,zhejiang
2023-05-06 17:45:00,3174.0000,zhejiang
2023-05-06 18:00:00,3155.0000,zhejiang
2023-05-06 18:15:00,3153.0000,zhejiang
2023-05-06 18:30:00,2964.0000,zhejiang
2023-05-06 18:45:00,3126.0000,zhejiang
2023-05-06 19:00:00,2966.0000,zhejiang
2023-05-06 19:15:00,2907.0000,zhejiang
2023-05-06 19:30:00,3045.0000,zhejiang
2023-05-06 19:45:00,2840.0000,zhejiang
2023-05-06 20:00:00,2671.0000,zhejiang
2023-05-06 20:15:00,2610.0000,zhejiang
2023-05-06 20:30:00,2513.0000,zhejiang
2023-05-06 20:45:00,2610.0000,zhejiang
2023-05-06 21:00:00,2580.0000,zhejiang
2023-05-06 21:15:00,2727.0000,zhejiang
2023-05-06 21:30:00,2649.0000,zhejiang
2023-05-06 21:45:00,2646.0000,zhejiang
2023-05-06 22:00:00,2786.0000,zhejiang
2023-05-06 22:15:00,2669.0000,zhejiang
2023-05-06 22:30:00,2706.0000,zhejiang
2023-05-06 22:45:00,2872.0000,zhejiang
2023-05-06 23:00:00,2727.0000,zhejiang
2023-05-06 23:15:00,2519.0000,zhejiang
2023-05-06 23:30:00,2749.0000,zhejiang
2023-05-06 23:45:00,2733.0000,zhejiang
2023-05-07 00:00:00,2592.0000,zhejiang
2023-05-07 00:15:00,2739.0000,zhejiang
2023-05-07 00:30:00,2725.0000,zhejiang
2023-05-07 00:45:00,2679.0000,zhejiang
2023-05-07 01:00:00,2733.0000,zhejiang
2023-05-07 01:15:00,2867.0000,zhejiang
2023-05-07 01:30:00,2794.0000,zhejiang
2023-05-07 01:45:00,2867.0000,zhejiang
2023-05-07 02:00:00,2801.0000,zhejiang
2023-05-07 02:15:00,2663.0000,zhejiang
2023-05-07 02:30:00,2361.0000,zhejiang
2023-05-07 02:45:00,2529.0000,zhejiang
2023-05-07 03:00:00,2725.0000,zhejiang
2023-05-07 03:15:00,2617.0000,zhejiang
2023-05-07 03:30:00,2686.0000,zhejiang
2023-05-07 03:45:00,2676.0000,zhejiang
2023-05-07 04:00:00,2568.0000,zhejiang
2023-05-07 04:15:00,2686.0000,zhejiang
2023-05-07 04:30:00,2534.0000,zhejiang
2023-05-07 04:45:00,2526.0000,zhejiang
2023-05-07 05:00:00,2599.0000,zhejiang
2023-05-07 05:15:00,2595.0000,zhejiang
2023-05-07 05:30:00,2599.0000,zhejiang
2023-05-07 05:45:00,2651.0000,zhejiang
2023-05-07 06:00:00,2518.0000,zhejiang
2023-05-07 06:15:00,2418.0000,zhejiang
2023-05-07 06:30:00,2479.0000,zhejiang
2023-05-07 06:45:00,2376.0000,zhejiang
2023-05-07 07:00:00,2482.0000,zhejiang
2023-05-07 07:15:00,2425.0000,zhejiang
2023-05-07 07:30:00,2275.0000,zhejiang
2023-05-07 07:45:00,2201.0000,zhejiang
2023-05-07 08:00:00,2327.0000,zhejiang
2023-05-07 08:15:00,2440.0000,zhejiang
2023-05-07 08:30:00,2440.0000,zhejiang
2023-05-07 08:45:00,2641.0000,zhejiang
2023-05-07 09:00:00,2413.0000,zhejiang
2023-05-07 09:15:00,2459.0000,zhejiang
2023-05-07 09:30:00,2454.0000,zhejiang
2023-05-07 09:45:00,2720.0000,zhejiang
2023-05-07 10:00:00,2548.0000,zhejiang
2023-05-07 10:15:00,2582.0000,zhejiang
2023-05-07 10:30:00,2688.0000,zhejiang
2023-05-07 10:45:00,2679.0000,zhejiang
2023-05-07 11:00:00,2528.0000,zhejiang
2023-05-07 11:15:00,2459.0000,zhejiang
2023-05-07 11:30:00,2506.0000,zhejiang
2023-05-07 11:45:00,2511.0000,zhejiang
2023-05-07 12:00:00,2749.0000,zhejiang
2023-05-07 12:15:00,2629.0000,zhejiang
2023-05-07 12:30:00,2686.0000,zhejiang
2023-05-07 12:45:00,2853.0000,zhejiang
2023-05-07 13:00:00,2578.0000,zhejiang
2023-05-07 13:15:00,2779.0000,zhejiang
2023-05-07 13:30:00,2993.0000,zhejiang
2023-05-07 13:45:00,2791.0000,zhejiang
2023-05-07 14:00:00,2742.0000,zhejiang
2023-05-07 14:15:00,2745.0000,zhejiang
2023-05-07 14:30:00,2831.0000,zhejiang
2023-05-07 14:45:00,2843.0000,zhejiang
2023-05-07 15:00:00,2742.0000,zhejiang
2023-05-07 15:15:00,2712.0000,zhejiang
2023-05-07 15:30:00,2936.0000,zhejiang
2023-05-07 15:45:00,2771.0000,zhejiang
2023-05-07 16:00:00,3091.0000,zhejiang
2023-05-07 16:15:00,2882.0000,zhejiang
2023-05-07 16:30:00,3081.0000,zhejiang
2023-05-07 16:45:00,3034.0000,zhejiang
2023-05-07 17:00:00,2877.0000,zhejiang
2023-05-07 17:15:00,2772.0000,zhejiang
2023-05-07 17:30:00,2841.0000,zhejiang
2023-05-07 17:45:00,2862.0000,zhejiang
2023-05-07 18:00:00,2841.0000,zhejiang
2023-05-07 18:15:00,2870.0000,zhejiang
2023-05-07 18:30:00,2970.0000,zhejiang
2023-05-07 18:45:00,2732.0000,zhejiang
2023-05-07 19:00:00,2740.0000,zhejiang
2023-05-07 19:15:00,2819.0000,zhejiang
2023-05-07 19:30:00,2777.0000,zhejiang
2023-05-07 19:45:00,2749.0000,zhejiang
2023-05-07 20:00:00,2609.0000,zhejiang
2023-05-07 20:15:00,2774.0000,zhejiang
2023-05-07 20:30:00,3179.0000,zhejiang
2023-05-07 20:45:00,3088.0000,zhejiang
2023-05-07 21:00:00,3133.0000,zhejiang
2023-05-07 21:15:00,3362.0000,zhejiang
2023-05-07 21:30:00,3474.0000,zhejiang
2023-05-07 21:45:00,3432.0000,zhejiang
2023-05-07 22:00:00,3480.0000,zhejiang
2023-05-07 22:15:00,3315.0000,zhejiang
2023-05-07 22:30:00,3265.0000,zhejiang
2023-05-07 22:45:00,3241.0000,zhejiang
2023-05-07 23:00:00,3106.0000,zhejiang
2023-05-07 23:15:00,3185.0000,zhejiang
2023-05-07 23:30:00,3302.0000,zhejiang
2023-05-07 23:45:00,3042.0000,zhejiang
2023-05-08 00:00:00,2980.0000,zhejiang
2023-05-08 00:15:00,3025.0000,zhejiang
2023-05-08 00:30:00,3123.0000,zhejiang
2023-05-08 00:45:00,2953.0000,zhejiang
2023-05-08 01:00:00,3052.0000,zhejiang
2023-05-08 01:15:00,3120.0000,zhejiang
2023-05-08 01:30:00,2907.0000,zhejiang
2023-05-08 01:45:00,3017.0000,zhejiang
2023-05-08 02:00:00,3143.0000,zhejiang
2023-05-08 02:15:00,3135.0000,zhejiang
2023-05-08 02:30:00,2830.0000,zhejiang
2023-05-08 02:45:00,3042.0000,zhejiang
2023-05-08 03:00:00,3091.0000,zhejiang
2023-05-08 03:15:00,3280.0000,zhejiang
2023-05-08 03:30:00,3278.0000,zhejiang
2023-05-08 03:45:00,2997.0000,zhejiang
2023-05-08 04:00:00,3222.0000,zhejiang
2023-05-08 04:15:00,3089.0000,zhejiang
2023-05-08 04:30:00,2959.0000,zhejiang
2023-05-08 04:45:00,2961.0000,zhejiang
2023-05-08 05:00:00,3005.0000,zhejiang
2023-05-08 05:15:00,2949.0000,zhejiang
2023-05-08 05:30:00,2882.0000,zhejiang
2023-05-08 05:45:00,2806.0000,zhejiang
2023-05-08 06:00:00,2769.0000,zhejiang
2023-05-08 06:15:00,2605.0000,zhejiang
2023-05-08 06:30:00,2593.0000,zhejiang
2023-05-08 06:45:00,2572.0000,zhejiang
2023-05-08 07:00:00,2605.0000,zhejiang
2023-05-08 07:15:00,2654.0000,zhejiang
2023-05-08 07:30:00,2695.0000,zhejiang
2023-05-08 07:45:00,2757.0000,zhejiang
2023-05-08 08:00:00,2653.0000,zhejiang
2023-05-08 08:15:00,2813.0000,zhejiang
2023-05-08 08:30:00,2988.0000,zhejiang
2023-05-08 08:45:00,3153.0000,zhejiang
2023-05-08 09:00:00,2917.0000,zhejiang
2023-05-08 09:15:00,2902.0000,zhejiang
2023-05-08 09:30:00,3174.0000,zhejiang
2023-05-08 09:45:00,3379.0000,zhejiang
2023-05-08 10:00:00,3349.0000,zhejiang
2023-05-08 10:15:00,3369.0000,zhejiang
2023-05-08 10:30:00,3690.0000,zhejiang
2023-05-08 10:45:00,3420.0000,zhejiang
2023-05-08 11:00:00,3319.0000,zhejiang
2023-05-08 11:15:00,3433.0000,zhejiang
2023-05-08 11:30:00,3298.0000,zhejiang
2023-05-08 11:45:00,3334.0000,zhejiang
2023-05-08 12:00:00,3413.0000,zhejiang
2023-05-08 12:15:00,3347.0000,zhejiang
2023-05-08 12:30:00,3403.0000,zhejiang
2023-05-08 12:45:00,3325.0000,zhejiang
2023-05-08 13:00:00,3175.0000,zhejiang
2023-05-08 13:15:00,3480.0000,zhejiang
2023-05-08 13:30:00,3583.0000,zhejiang
2023-05-08 13:45:00,3516.0000,zhejiang
2023-05-08 14:00:00,3293.0000,zhejiang
2023-05-08 14:15:00,3383.0000,zhejiang
2023-05-08 14:30:00,3307.0000,zhejiang
2023-05-08 14:45:00,3283.0000,zhejiang
2023-05-08 15:00:00,3157.0000,zhejiang
2023-05-08 15:15:00,3049.0000,zhejiang
2023-05-08 15:30:00,3199.0000,zhejiang
2023-05-08 15:45:00,3126.0000,zhejiang
2023-05-08 16:00:00,3155.0000,zhejiang
2023-05-08 16:15:00,3192.0000,zhejiang
2023-05-08 16:30:00,3020.0000,zhejiang
2023-05-08 16:45:00,2993.0000,zhejiang
2023-05-08 17:00:00,2914.0000,zhejiang
2023-05-08 17:15:00,2742.0000,zhejiang
2023-05-08 17:30:00,3017.0000,zhejiang
2023-05-08 17:45:00,2941.0000,zhejiang
2023-05-08 18:00:00,2904.0000,zhejiang
2023-05-08 18:15:00,3039.0000,zhejiang
2023-05-08 18:30:00,3187.0000,zhejiang
2023-05-08 18:45:00,2927.0000,zhejiang
2023-05-08 19:00:00,3057.0000,zhejiang
2023-05-08 19:15:00,2921.0000,zhejiang
2023-05-08 19:30:00,2733.0000,zhejiang
2023-05-08 19:45:00,3025.0000,zhejiang
2023-05-08 20:00:00,2841.0000,zhejiang
2023-05-08 20:15:00,2976.0000,zhejiang
2023-05-08 20:30:00,2889.0000,zhejiang
2023-05-08 20:45:00,2673.0000,zhejiang
2023-05-08 21:00:00,2769.0000,zhejiang
2023-05-08 21:15:00,2882.0000,zhejiang
2023-05-08 21:30:00,2762.0000,zhejiang
2023-05-08 21:45:00,2759.0000,zhejiang
2023-05-08 22:00:00,2811.0000,zhejiang
2023-05-08 22:15:00,2855.0000,zhejiang
2023-05-08 22:30:00,2838.0000,zhejiang
2023-05-08 22:45:00,2944.0000,zhejiang
2023-05-08 23:00:00,2762.0000,zhejiang
2023-05-08 23:15:00,2900.0000,zhejiang
2023-05-08 23:30:00,2653.0000,zhejiang
2023-05-08 23:45:00,2593.0000,zhejiang
2023-05-10 00:00:00,2867.0000,zhejiang
2023-05-10 00:15:00,2624.0000,zhejiang
2023-05-10 00:30:00,2626.0000,zhejiang
2023-05-10 00:45:00,2809.0000,zhejiang
2023-05-10 01:00:00,2833.0000,zhejiang
2023-05-10 01:15:00,2953.0000,zhejiang
2023-05-10 01:30:00,3040.0000,zhejiang
2023-05-10 01:45:00,2892.0000,zhejiang
2023-05-10 02:00:00,3010.0000,zhejiang
2023-05-10 02:15:00,2953.0000,zhejiang
2023-05-10 02:30:00,3049.0000,zhejiang
2023-05-10 02:45:00,3061.0000,zhejiang
2023-05-10 03:00:00,3103.0000,zhejiang
2023-05-10 03:15:00,3115.0000,zhejiang
2023-05-10 03:30:00,3079.0000,zhejiang
2023-05-10 03:45:00,3047.0000,zhejiang
2023-05-10 04:00:00,2954.0000,zhejiang
2023-05-10 04:15:00,2838.0000,zhejiang
2023-05-10 04:30:00,3023.0000,zhejiang
2023-05-10 04:45:00,3018.0000,zhejiang
2023-05-10 05:00:00,3118.0000,zhejiang
2023-05-10 05:15:00,2924.0000,zhejiang
2023-05-10 05:30:00,2956.0000,zhejiang
2023-05-10 05:45:00,2853.0000,zhejiang
2023-05-10 06:00:00,2997.0000,zhejiang
2023-05-10 06:15:00,2637.0000,zhejiang
2023-05-10 06:30:00,2706.0000,zhejiang
2023-05-10 06:45:00,2642.0000,zhejiang
2023-05-10 07:00:00,2695.0000,zhejiang
2023-05-10 07:15:00,2567.0000,zhejiang
2023-05-10 07:30:00,2484.0000,zhejiang
2023-05-10 07:45:00,2519.0000,zhejiang
2023-05-10 08:00:00,2597.0000,zhejiang
2023-05-10 08:15:00,2855.0000,zhejiang
2023-05-10 08:30:00,3002.0000,zhejiang
2023-05-10 08:45:00,2912.0000,zhejiang
2023-05-10 09:00:00,2941.0000,zhejiang
2023-05-10 09:15:00,2964.0000,zhejiang
2023-05-10 09:30:00,3013.0000,zhejiang
2023-05-10 09:45:00,3076.0000,zhejiang
2023-05-10 10:00:00,3172.0000,zhejiang
2023-05-10 10:15:00,3287.0000,zhejiang
2023-05-10 10:30:00,2867.0000,zhejiang
2023-05-10 10:45:00,3158.0000,zhejiang
2023-05-10 11:00:00,2951.0000,zhejiang
2023-05-10 11:15:00,2840.0000,zhejiang
2023-05-10 11:30:00,2911.0000,zhejiang
2023-05-10 11:45:00,2926.0000,zhejiang
2023-05-10 12:00:00,2919.0000,zhejiang
2023-05-10 12:15:00,3248.0000,zhejiang
2023-05-10 12:30:00,3120.0000,zhejiang
2023-05-10 12:45:00,3175.0000,zhejiang
2023-05-10 13:00:00,3273.0000,zhejiang
2023-05-10 13:15:00,3111.0000,zhejiang
2023-05-10 13:30:00,3344.0000,zhejiang
2023-05-10 13:45:00,3420.0000,zhejiang
2023-05-10 14:00:00,3430.0000,zhejiang
2023-05-10 14:15:00,3416.0000,zhejiang
2023-05-10 14:30:00,3518.0000,zhejiang
2023-05-10 14:45:00,3383.0000,zhejiang
2023-05-10 15:00:00,3265.0000,zhejiang
2023-05-10 15:15:00,3319.0000,zhejiang
2023-05-10 15:30:00,3465.0000,zhejiang
2023-05-10 15:45:00,3462.0000,zhejiang
2023-05-10 16:00:00,3577.0000,zhejiang
2023-05-10 16:15:00,3320.0000,zhejiang
2023-05-10 16:30:00,3243.0000,zhejiang
2023-05-10 16:45:00,3470.0000,zhejiang
2023-05-10 17:00:00,3109.0000,zhejiang
2023-05-10 17:15:00,3312.0000,zhejiang
2023-05-10 17:30:00,3197.0000,zhejiang
2023-05-10 17:45:00,3548.0000,zhejiang
2023-05-10 18:00:00,3322.0000,zhejiang
2023-05-10 18:15:00,3266.0000,zhejiang
2023-05-10 18:30:00,3332.0000,zhejiang
2023-05-10 18:45:00,3287.0000,zhejiang
2023-05-10 19:00:00,3108.0000,zhejiang
2023-05-10 19:15:00,3064.0000,zhejiang
2023-05-10 19:30:00,2922.0000,zhejiang
2023-05-10 19:45:00,2811.0000,zhejiang
2023-05-10 20:00:00,2779.0000,zhejiang
2023-05-10 20:15:00,2808.0000,zhejiang
2023-05-10 20:30:00,2926.0000,zhejiang
2023-05-10 20:45:00,2794.0000,zhejiang
2023-05-10 21:00:00,2948.0000,zhejiang
2023-05-10 21:15:00,2894.0000,zhejiang
2023-05-10 21:30:00,2619.0000,zhejiang
2023-05-10 21:45:00,2710.0000,zhejiang
2023-05-10 22:00:00,2653.0000,zhejiang
2023-05-10 22:15:00,2507.0000,zhejiang
2023-05-10 22:30:00,2744.0000,zhejiang
2023-05-10 22:45:00,2671.0000,zhejiang
2023-05-10 23:00:00,2588.0000,zhejiang
2023-05-10 23:15:00,2629.0000,zhejiang
2023-05-10 23:30:00,2543.0000,zhejiang
2023-05-10 23:45:00,2534.0000,zhejiang
2023-05-11 00:00:00,2695.0000,zhejiang
2023-05-11 00:15:00,2634.0000,zhejiang
2023-05-11 00:30:00,2634.0000,zhejiang
2023-05-11 00:45:00,2479.0000,zhejiang
2023-05-11 01:00:00,2460.0000,zhejiang
2023-05-11 01:15:00,2258.0000,zhejiang
2023-05-11 01:30:00,2481.0000,zhejiang
2023-05-11 01:45:00,2605.0000,zhejiang
2023-05-11 02:00:00,2607.0000,zhejiang
2023-05-11 02:15:00,2659.0000,zhejiang
2023-05-11 02:30:00,2673.0000,zhejiang
2023-05-11 02:45:00,2744.0000,zhejiang
2023-05-11 03:00:00,2396.0000,zhejiang
2023-05-11 03:15:00,2513.0000,zhejiang
2023-05-11 03:30:00,2617.0000,zhejiang
2023-05-11 03:45:00,2744.0000,zhejiang
2023-05-11 04:00:00,2502.0000,zhejiang
2023-05-11 04:15:00,2507.0000,zhejiang
2023-05-11 04:30:00,2464.0000,zhejiang
2023-05-11 04:45:00,2636.0000,zhejiang
2023-05-11 05:00:00,2809.0000,zhejiang
2023-05-11 05:15:00,2624.0000,zhejiang
2023-05-11 05:30:00,2617.0000,zhejiang
2023-05-11 05:45:00,2622.0000,zhejiang
2023-05-11 06:00:00,2486.0000,zhejiang
2023-05-11 06:15:00,2462.0000,zhejiang
2023-05-11 06:30:00,2481.0000,zhejiang
2023-05-11 06:45:00,2207.0000,zhejiang
2023-05-11 07:00:00,2624.0000,zhejiang
2023-05-11 07:15:00,2386.0000,zhejiang
2023-05-11 07:30:00,2455.0000,zhejiang
2023-05-11 07:45:00,2433.0000,zhejiang
2023-05-11 08:00:00,2428.0000,zhejiang
2023-05-11 08:15:00,2347.0000,zhejiang
2023-05-11 08:30:00,2443.0000,zhejiang
2023-05-11 08:45:00,2609.0000,zhejiang
2023-05-11 09:00:00,2786.0000,zhejiang
2023-05-11 09:15:00,2882.0000,zhejiang
2023-05-11 09:30:00,2728.0000,zhejiang
2023-05-11 09:45:00,2781.0000,zhejiang
2023-05-11 10:00:00,2555.0000,zhejiang
2023-05-11 10:15:00,2514.0000,zhejiang
2023-05-11 10:30:00,2467.0000,zhejiang
2023-05-11 10:45:00,2494.0000,zhejiang
2023-05-11 11:00:00,2389.0000,zhejiang
2023-05-11 11:15:00,2411.0000,zhejiang
2023-05-11 11:30:00,2529.0000,zhejiang
2023-05-11 11:45:00,2676.0000,zhejiang
2023-05-11 12:00:00,2787.0000,zhejiang
2023-05-11 12:15:00,2878.0000,zhejiang
2023-05-11 12:30:00,2804.0000,zhejiang
2023-05-11 12:45:00,2831.0000,zhejiang
2023-05-11 13:00:00,2671.0000,zhejiang
2023-05-11 13:15:00,2757.0000,zhejiang
2023-05-11 13:30:00,2774.0000,zhejiang
2023-05-11 13:45:00,2666.0000,zhejiang
2023-05-11 14:00:00,2971.0000,zhejiang
2023-05-11 14:15:00,3104.0000,zhejiang
2023-05-11 14:30:00,2836.0000,zhejiang
2023-05-11 14:45:00,2917.0000,zhejiang
2023-05-11 15:00:00,3120.0000,zhejiang
2023-05-11 15:15:00,2978.0000,zhejiang
2023-05-11 15:30:00,3094.0000,zhejiang
2023-05-11 15:45:00,2968.0000,zhejiang
2023-05-11 16:00:00,3066.0000,zhejiang
2023-05-11 16:15:00,2902.0000,zhejiang
2023-05-11 16:30:00,3160.0000,zhejiang
2023-05-11 16:45:00,3158.0000,zhejiang
2023-05-11 17:00:00,3106.0000,zhejiang
2023-05-11 17:15:00,2902.0000,zhejiang
2023-05-11 17:30:00,2651.0000,zhejiang
2023-05-11 17:45:00,2671.0000,zhejiang
2023-05-11 18:00:00,2872.0000,zhejiang
2023-05-11 18:15:00,2787.0000,zhejiang
2023-05-11 18:30:00,2666.0000,zhejiang
2023-05-11 18:45:00,2825.0000,zhejiang
2023-05-11 19:00:00,2924.0000,zhejiang
2023-05-11 19:15:00,2911.0000,zhejiang
2023-05-11 19:30:00,2600.0000,zhejiang
2023-05-11 19:45:00,2776.0000,zhejiang
2023-05-11 20:00:00,2787.0000,zhejiang
2023-05-11 20:15:00,2986.0000,zhejiang
2023-05-11 20:30:00,3091.0000,zhejiang
2023-05-11 20:45:00,3163.0000,zhejiang
2023-05-11 21:00:00,2961.0000,zhejiang
2023-05-11 21:15:00,2978.0000,zhejiang
2023-05-11 21:30:00,2875.0000,zhejiang
2023-05-11 21:45:00,2804.0000,zhejiang
2023-05-11 22:00:00,2867.0000,zhejiang
2023-05-11 22:15:00,2907.0000,zhejiang
2023-05-11 22:30:00,2890.0000,zhejiang
2023-05-11 22:45:00,2771.0000,zhejiang
2023-05-11 23:00:00,2853.0000,zhejiang
2023-05-11 23:15:00,2851.0000,zhejiang
2023-05-11 23:30:00,2826.0000,zhejiang
2023-05-11 23:45:00,2725.0000,zhejiang
2023-05-12 00:00:00,2482.0000,zhejiang
2023-05-12 00:15:00,2450.0000,zhejiang
2023-05-12 00:30:00,2580.0000,zhejiang
2023-05-12 00:45:00,2683.0000,zhejiang
2023-05-12 01:00:00,2700.0000,zhejiang
2023-05-12 01:15:00,2698.0000,zhejiang
2023-05-12 01:30:00,2718.0000,zhejiang
2023-05-12 01:45:00,2884.0000,zhejiang
2023-05-12 02:00:00,2774.0000,zhejiang
2023-05-12 02:15:00,2931.0000,zhejiang
2023-05-12 02:30:00,2755.0000,zhejiang
2023-05-12 02:45:00,2813.0000,zhejiang
2023-05-12 03:00:00,2929.0000,zhejiang
2023-05-12 03:15:00,2548.0000,zhejiang
2023-05-12 03:30:00,2745.0000,zhejiang
2023-05-12 03:45:00,2695.0000,zhejiang
2023-05-12 04:00:00,2600.0000,zhejiang
2023-05-12 04:15:00,2654.0000,zhejiang
2023-05-12 04:30:00,2806.0000,zhejiang
2023-05-12 04:45:00,2878.0000,zhejiang
2023-05-12 05:00:00,2723.0000,zhejiang
2023-05-12 05:15:00,2555.0000,zhejiang
2023-05-12 05:30:00,2772.0000,zhejiang
2023-05-12 05:45:00,2706.0000,zhejiang
2023-05-12 06:00:00,2565.0000,zhejiang
2023-05-12 06:15:00,2762.0000,zhejiang
2023-05-12 06:30:00,2676.0000,zhejiang
2023-05-12 06:45:00,2636.0000,zhejiang
2023-05-12 07:00:00,2570.0000,zhejiang
2023-05-12 07:15:00,2521.0000,zhejiang
2023-05-12 07:30:00,2654.0000,zhejiang
2023-05-12 07:45:00,2626.0000,zhejiang
2023-05-12 08:00:00,2474.0000,zhejiang
2023-05-12 08:15:00,2595.0000,zhejiang
2023-05-12 08:30:00,2580.0000,zhejiang
2023-05-12 08:45:00,2712.0000,zhejiang
2023-05-12 09:00:00,2614.0000,zhejiang
2023-05-12 09:15:00,2794.0000,zhejiang
2023-05-12 09:30:00,2703.0000,zhejiang
2023-05-12 09:45:00,2708.0000,zhejiang
2023-05-12 10:00:00,2710.0000,zhejiang
2023-05-12 10:15:00,3023.0000,zhejiang
2023-05-12 10:30:00,2872.0000,zhejiang
2023-05-12 10:45:00,2819.0000,zhejiang
2023-05-12 11:00:00,2772.0000,zhejiang
2023-05-12 11:15:00,2739.0000,zhejiang
2023-05-12 11:30:00,2781.0000,zhejiang
2023-05-12 11:45:00,2755.0000,zhejiang
2023-05-12 12:00:00,3069.0000,zhejiang
2023-05-12 12:15:00,3499.0000,zhejiang
2023-05-12 12:30:00,3560.0000,zhejiang
2023-05-12 12:45:00,3472.0000,zhejiang
2023-05-12 13:00:00,3600.0000,zhejiang
2023-05-12 13:15:00,3499.0000,zhejiang
2023-05-12 13:30:00,3470.0000,zhejiang
2023-05-12 13:45:00,3646.0000,zhejiang
2023-05-12 14:00:00,3686.0000,zhejiang
2023-05-12 14:15:00,3583.0000,zhejiang
2023-05-12 14:30:00,3386.0000,zhejiang
2023-05-12 14:45:00,3281.0000,zhejiang
2023-05-12 15:00:00,3496.0000,zhejiang
2023-05-12 15:15:00,3405.0000,zhejiang
2023-05-12 15:30:00,3464.0000,zhejiang
2023-05-12 15:45:00,3647.0000,zhejiang
2023-05-12 16:00:00,3428.0000,zhejiang
2023-05-12 16:15:00,3275.0000,zhejiang
2023-05-12 16:30:00,3381.0000,zhejiang
2023-05-12 16:45:00,3329.0000,zhejiang
2023-05-12 17:00:00,3519.0000,zhejiang
2023-05-12 17:15:00,3298.0000,zhejiang
2023-05-12 17:30:00,3435.0000,zhejiang
2023-05-12 17:45:00,3523.0000,zhejiang
2023-05-12 18:00:00,3415.0000,zhejiang
2023-05-12 18:15:00,3523.0000,zhejiang
2023-05-12 18:30:00,3347.0000,zhejiang
2023-05-12 18:45:00,3270.0000,zhejiang
2023-05-12 19:00:00,3258.0000,zhejiang
2023-05-12 19:15:00,3239.0000,zhejiang
2023-05-12 19:30:00,2980.0000,zhejiang
2023-05-12 19:45:00,2981.0000,zhejiang
2023-05-12 20:00:00,2671.0000,zhejiang
2023-05-12 20:15:00,2904.0000,zhejiang
2023-05-12 20:30:00,2944.0000,zhejiang
2023-05-12 20:45:00,2813.0000,zhejiang
2023-05-12 21:00:00,2899.0000,zhejiang
2023-05-12 21:15:00,2921.0000,zhejiang
2023-05-12 21:30:00,2737.0000,zhejiang
2023-05-12 21:45:00,2968.0000,zhejiang
2023-05-12 22:00:00,2843.0000,zhejiang
2023-05-12 22:15:00,2872.0000,zhejiang
2023-05-12 22:30:00,2919.0000,zhejiang
2023-05-12 22:45:00,2850.0000,zhejiang
2023-05-12 23:00:00,2733.0000,zhejiang
2023-05-12 23:15:00,2599.0000,zhejiang
2023-05-12 23:30:00,2799.0000,zhejiang
2023-05-12 23:45:00,2658.0000,zhejiang
2023-05-14 00:00:00,2553.0000,zhejiang
2023-05-14 00:15:00,2916.0000,zhejiang
2023-05-14 00:30:00,2784.0000,zhejiang
2023-05-14 00:45:00,2959.0000,zhejiang
2023-05-14 01:00:00,3008.0000,zhejiang
2023-05-14 01:15:00,3072.0000,zhejiang
2023-05-14 01:30:00,3179.0000,zhejiang
2023-05-14 01:45:00,2912.0000,zhejiang
2023-05-14 02:00:00,3111.0000,zhejiang
2023-05-14 02:15:00,3005.0000,zhejiang
2023-05-14 02:30:00,3094.0000,zhejiang
2023-05-14 02:45:00,3007.0000,zhejiang
2023-05-14 03:00:00,3325.0000,zhejiang
2023-05-14 03:15:00,3099.0000,zhejiang
2023-05-14 03:30:00,3238.0000,zhejiang
2023-05-14 03:45:00,3061.0000,zhejiang
2023-05-14 04:00:00,3163.0000,zhejiang
2023-05-14 04:15:00,3283.0000,zhejiang
2023-05-14 04:30:00,3116.0000,zhejiang
2023-05-14 04:45:00,3229.0000,zhejiang
2023-05-14 05:00:00,3084.0000,zhejiang
2023-05-14 05:15:00,3172.0000,zhejiang
2023-05-14 05:30:00,3249.0000,zhejiang
2023-05-14 05:45:00,3172.0000,zhejiang
2023-05-14 06:00:00,3101.0000,zhejiang
2023-05-14 06:15:00,3271.0000,zhejiang
2023-05-14 06:30:00,3096.0000,zhejiang
2023-05-14 06:45:00,3204.0000,zhejiang
2023-05-14 07:00:00,3160.0000,zhejiang
2023-05-14 07:15:00,3126.0000,zhejiang
2023-05-14 07:30:00,3094.0000,zhejiang
2023-05-14 07:45:00,2995.0000,zhejiang
2023-05-14 08:00:00,3109.0000,zhejiang
2023-05-14 08:15:00,3408.0000,zhejiang
2023-05-14 08:30:00,3443.0000,zhejiang
2023-05-14 08:45:00,3465.0000,zhejiang
2023-05-14 09:00:00,3600.0000,zhejiang
2023-05-14 09:15:00,3502.0000,zhejiang
2023-05-14 09:30:00,3634.0000,zhejiang
2023-05-14 09:45:00,3477.0000,zhejiang
2023-05-14 10:00:00,3172.0000,zhejiang
2023-05-14 10:15:00,3373.0000,zhejiang
2023-05-14 10:30:00,3329.0000,zhejiang
2023-05-14 10:45:00,3126.0000,zhejiang
2023-05-14 11:00:00,2990.0000,zhejiang
2023-05-14 11:15:00,3032.0000,zhejiang
2023-05-14 11:30:00,3098.0000,zhejiang
2023-05-14 11:45:00,2890.0000,zhejiang
2023-05-14 12:00:00,3214.0000,zhejiang
2023-05-14 12:15:00,3234.0000,zhejiang
2023-05-14 12:30:00,3179.0000,zhejiang
2023-05-14 12:45:00,3337.0000,zhejiang
2023-05-14 13:00:00,3228.0000,zhejiang
2023-05-14 13:15:00,3501.0000,zhejiang
2023-05-14 13:30:00,3749.0000,zhejiang
2023-05-14 13:45:00,3644.0000,zhejiang
2023-05-14 14:00:00,3705.0000,zhejiang
2023-05-14 14:15:00,3712.0000,zhejiang
2023-05-14 14:30:00,3416.0000,zhejiang
2023-05-14 14:45:00,3506.0000,zhejiang
2023-05-14 15:00:00,3477.0000,zhejiang
2023-05-14 15:15:00,3693.0000,zhejiang
2023-05-14 15:30:00,3890.0000,zhejiang
2023-05-14 15:45:00,3929.0000,zhejiang
2023-05-14 16:00:00,3764.0000,zhejiang
2023-05-14 16:15:00,3678.0000,zhejiang
2023-05-14 16:30:00,3629.0000,zhejiang
2023-05-14 16:45:00,3427.0000,zhejiang
2023-05-14 17:00:00,3563.0000,zhejiang
2023-05-14 17:15:00,3334.0000,zhejiang
2023-05-14 17:30:00,3376.0000,zhejiang
2023-05-14 17:45:00,3425.0000,zhejiang
2023-05-14 18:00:00,3629.0000,zhejiang
2023-05-14 18:15:00,3649.0000,zhejiang
2023-05-14 18:30:00,3673.0000,zhejiang
2023-05-14 18:45:00,3312.0000,zhejiang
2023-05-14 19:00:00,3398.0000,zhejiang
2023-05-14 19:15:00,3246.0000,zhejiang
2023-05-14 19:30:00,3357.0000,zhejiang
2023-05-14 19:45:00,3445.0000,zhejiang
2023-05-14 20:00:00,3256.0000,zhejiang
2023-05-14 20:15:00,3440.0000,zhejiang
2023-05-14 20:30:00,3293.0000,zhejiang
2023-05-14 20:45:00,3421.0000,zhejiang
2023-05-14 21:00:00,3615.0000,zhejiang
2023-05-14 21:15:00,3703.0000,zhejiang
2023-05-14 21:30:00,3486.0000,zhejiang
2023-05-14 21:45:00,3619.0000,zhejiang
2023-05-14 22:00:00,3491.0000,zhejiang
2023-05-14 22:15:00,3506.0000,zhejiang
2023-05-14 22:30:00,3442.0000,zhejiang
2023-05-14 22:45:00,3319.0000,zhejiang
2023-05-14 23:00:00,3297.0000,zhejiang
2023-05-14 23:15:00,3506.0000,zhejiang
2023-05-14 23:30:00,3459.0000,zhejiang
2023-05-14 23:45:00,3447.0000,zhejiang
2023-05-17 00:00:00,2850.0000,zhejiang
2023-05-17 00:15:00,3023.0000,zhejiang
2023-05-17 00:30:00,2997.0000,zhejiang
2023-05-17 00:45:00,2820.0000,zhejiang
2023-05-17 01:00:00,2788.0000,zhejiang
2023-05-17 01:15:00,2801.0000,zhejiang
2023-05-17 01:30:00,2859.0000,zhejiang
2023-05-17 01:45:00,3131.0000,zhejiang
2023-05-17 02:00:00,2994.0000,zhejiang
2023-05-17 02:15:00,3112.0000,zhejiang
2023-05-17 02:30:00,2908.0000,zhejiang
2023-05-17 02:45:00,2905.0000,zhejiang
2023-05-17 03:00:00,3033.0000,zhejiang
2023-05-17 03:15:00,2927.0000,zhejiang
2023-05-17 03:30:00,2961.0000,zhejiang
2023-05-17 03:45:00,2932.0000,zhejiang
2023-05-17 04:00:00,2873.0000,zhejiang
2023-05-17 04:15:00,2926.0000,zhejiang
2023-05-17 04:30:00,2781.0000,zhejiang
2023-05-17 04:45:00,2876.0000,zhejiang
2023-05-17 05:00:00,2772.0000,zhejiang
2023-05-17 05:15:00,2724.0000,zhejiang
2023-05-17 05:30:00,2744.0000,zhejiang
2023-05-17 05:45:00,2599.0000,zhejiang
2023-05-17 06:00:00,2733.0000,zhejiang
2023-05-17 06:15:00,2633.0000,zhejiang
2023-05-17 06:30:00,2680.0000,zhejiang
2023-05-17 06:45:00,2635.0000,zhejiang
2023-05-17 07:00:00,2622.0000,zhejiang
2023-05-17 07:15:00,2486.0000,zhejiang
2023-05-17 07:30:00,2595.0000,zhejiang
2023-05-17 07:45:00,2607.0000,zhejiang
2023-05-17 08:00:00,2721.0000,zhejiang
2023-05-17 08:15:00,2792.0000,zhejiang
2023-05-17 08:30:00,3132.0000,zhejiang
2023-05-17 08:45:00,3228.0000,zhejiang
2023-05-17 09:00:00,3399.0000,zhejiang
2023-05-17 09:15:00,3553.0000,zhejiang
2023-05-17 09:30:00,3118.0000,zhejiang
2023-05-17 09:45:00,3047.0000,zhejiang
2023-05-17 10:00:00,2955.0000,zhejiang
2023-05-17 10:15:00,2873.0000,zhejiang
2023-05-17 10:30:00,2439.0000,zhejiang
2023-05-17 10:45:00,2139.0000,zhejiang
2023-05-17 11:00:00,1946.0000,zhejiang
2023-05-17 11:15:00,1918.0000,zhejiang
2023-05-17 11:30:00,1774.0000,zhejiang
2023-05-17 11:45:00,1561.0000,zhejiang
2023-05-17 12:00:00,1020.0000,zhejiang
2023-05-17 12:15:00,2144.0000,zhejiang
2023-05-17 12:30:00,1897.0000,zhejiang
2023-05-17 12:45:00,1361.0000,zhejiang
2023-05-17 13:00:00,2572.0000,zhejiang
2023-05-17 13:15:00,2932.0000,zhejiang
2023-05-17 13:30:00,3052.0000,zhejiang
2023-05-17 13:45:00,3031.0000,zhejiang
2023-05-17 14:00:00,2925.0000,zhejiang
2023-05-17 14:15:00,2880.0000,zhejiang
2023-05-17 14:30:00,3158.0000,zhejiang
2023-05-17 14:45:00,3015.0000,zhejiang
2023-05-17 15:00:00,2872.0000,zhejiang
2023-05-17 15:15:00,3175.0000,zhejiang
2023-05-17 15:30:00,2866.0000,zhejiang
2023-05-17 15:45:00,3063.0000,zhejiang
2023-05-17 16:00:00,3220.0000,zhejiang
2023-05-17 16:15:00,3021.0000,zhejiang
2023-05-17 16:30:00,2792.0000,zhejiang
2023-05-17 16:45:00,2893.0000,zhejiang
2023-05-17 17:00:00,3112.0000,zhejiang
2023-05-17 17:15:00,2987.0000,zhejiang
2023-05-17 17:30:00,2770.0000,zhejiang
2023-05-17 17:45:00,3043.0000,zhejiang
2023-05-17 18:00:00,3130.0000,zhejiang
2023-05-17 18:15:00,3038.0000,zhejiang
2023-05-17 18:30:00,3041.0000,zhejiang
2023-05-17 18:45:00,3265.0000,zhejiang
2023-05-17 19:00:00,3213.0000,zhejiang
2023-05-17 19:15:00,3158.0000,zhejiang
2023-05-17 19:30:00,3215.0000,zhejiang
2023-05-17 19:45:00,3237.0000,zhejiang
2023-05-17 20:00:00,3283.0000,zhejiang
2023-05-17 20:15:00,3257.0000,zhejiang
2023-05-17 20:30:00,3286.0000,zhejiang
2023-05-17 20:45:00,3399.0000,zhejiang
2023-05-17 21:00:00,3113.0000,zhejiang
2023-05-17 21:15:00,3158.0000,zhejiang
2023-05-17 21:30:00,3318.0000,zhejiang
2023-05-17 21:45:00,3261.0000,zhejiang
2023-05-17 22:00:00,3447.0000,zhejiang
2023-05-17 22:15:00,3351.0000,zhejiang
2023-05-17 22:30:00,3412.0000,zhejiang
2023-05-17 22:45:00,3418.0000,zhejiang
2023-05-17 23:00:00,3306.0000,zhejiang
2023-05-17 23:15:00,2969.0000,zhejiang
2023-05-17 23:30:00,2933.0000,zhejiang
2023-05-17 23:45:00,2869.0000,zhejiang
2023-05-18 00:00:00,2960.0000,zhejiang
2023-05-18 00:15:00,3093.0000,zhejiang
2023-05-18 00:30:00,3006.0000,zhejiang
2023-05-18 00:45:00,2984.0000,zhejiang
2023-05-18 01:00:00,2927.0000,zhejiang
2023-05-18 01:15:00,2941.0000,zhejiang
2023-05-18 01:30:00,2901.0000,zhejiang
2023-05-18 01:45:00,2971.0000,zhejiang
2023-05-18 02:00:00,2854.0000,zhejiang
2023-05-18 02:15:00,2853.0000,zhejiang
2023-05-18 02:30:00,2907.0000,zhejiang
2023-05-18 02:45:00,2852.0000,zhejiang
2023-05-18 03:00:00,2778.0000,zhejiang
2023-05-18 03:15:00,2860.0000,zhejiang
2023-05-18 03:30:00,2941.0000,zhejiang
2023-05-18 03:45:00,3025.0000,zhejiang
2023-05-18 04:00:00,2886.0000,zhejiang
2023-05-18 04:15:00,2617.0000,zhejiang
2023-05-18 04:30:00,2582.0000,zhejiang
2023-05-18 04:45:00,2553.0000,zhejiang
2023-05-18 05:00:00,2833.0000,zhejiang
2023-05-18 05:15:00,2727.0000,zhejiang
2023-05-18 05:30:00,2979.0000,zhejiang
2023-05-18 05:45:00,2798.0000,zhejiang
2023-05-18 06:00:00,2751.0000,zhejiang
2023-05-18 06:15:00,2614.0000,zhejiang
2023-05-18 06:30:00,2482.0000,zhejiang
2023-05-18 06:45:00,2188.0000,zhejiang
2023-05-18 07:00:00,1965.0000,zhejiang
2023-05-18 07:15:00,2107.0000,zhejiang
2023-05-18 07:30:00,1837.0000,zhejiang
2023-05-18 07:45:00,1756.0000,zhejiang
2023-05-18 08:00:00,1858.0000,zhejiang
2023-05-18 08:15:00,1769.0000,zhejiang
2023-05-18 08:30:00,607.0000,zhejiang
2023-05-18 08:45:00,1436.0000,zhejiang
2023-05-18 09:00:00,1603.0000,zhejiang
2023-05-18 09:15:00,1425.0000,zhejiang
2023-05-18 09:30:00,450.0000,zhejiang
2023-05-18 09:45:00,1306.0000,zhejiang
2023-05-18 10:00:00,1633.0000,zhejiang
2023-05-18 10:15:00,2128.0000,zhejiang
2023-05-18 10:30:00,-514.0000,zhejiang
2023-05-18 10:45:00,163.0000,zhejiang
2023-05-18 11:00:00,1369.0000,zhejiang
2023-05-18 11:15:00,957.0000,zhejiang
2023-05-18 11:30:00,2280.0000,zhejiang
2023-05-18 11:45:00,1602.0000,zhejiang
2023-05-18 12:00:00,1559.0000,zhejiang
2023-05-18 12:15:00,2057.0000,zhejiang
2023-05-18 12:30:00,2099.0000,zhejiang
2023-05-18 12:45:00,1055.0000,zhejiang
2023-05-18 13:00:00,1441.0000,zhejiang
2023-05-18 13:15:00,1891.0000,zhejiang
2023-05-18 13:30:00,445.0000,zhejiang
2023-05-18 13:45:00,1595.0000,zhejiang
2023-05-18 14:00:00,2359.0000,zhejiang
2023-05-18 14:15:00,197.0000,zhejiang
2023-05-18 14:30:00,1268.0000,zhejiang
2023-05-18 14:45:00,1858.0000,zhejiang
2023-05-18 15:00:00,1939.0000,zhejiang
2023-05-18 15:15:00,1582.0000,zhejiang
2023-05-18 15:30:00,1419.0000,zhejiang
2023-05-18 15:45:00,876.0000,zhejiang
2023-05-18 16:00:00,1537.0000,zhejiang
2023-05-18 16:15:00,2077.0000,zhejiang
2023-05-18 16:30:00,2636.0000,zhejiang
2023-05-18 16:45:00,2062.0000,zhejiang
2023-05-18 17:00:00,1975.0000,zhejiang
2023-05-18 17:15:00,2394.0000,zhejiang
2023-05-18 17:30:00,2370.0000,zhejiang
2023-05-18 17:45:00,2710.0000,zhejiang
2023-05-18 18:00:00,2900.0000,zhejiang
2023-05-18 18:15:00,2688.0000,zhejiang
2023-05-18 18:30:00,2988.0000,zhejiang
2023-05-18 18:45:00,2998.0000,zhejiang
2023-05-18 19:00:00,2981.0000,zhejiang
2023-05-18 19:15:00,2891.0000,zhejiang
2023-05-18 19:30:00,2929.0000,zhejiang
2023-05-18 19:45:00,2891.0000,zhejiang
2023-05-18 20:00:00,2872.0000,zhejiang
2023-05-18 20:15:00,3030.0000,zhejiang
2023-05-18 20:30:00,3000.0000,zhejiang
2023-05-18 20:45:00,2911.0000,zhejiang
2023-05-18 21:00:00,3036.0000,zhejiang
2023-05-18 21:15:00,2956.0000,zhejiang
2023-05-18 21:30:00,2720.0000,zhejiang
2023-05-18 21:45:00,2873.0000,zhejiang
2023-05-18 22:00:00,2853.0000,zhejiang
2023-05-18 22:15:00,2946.0000,zhejiang
2023-05-18 22:30:00,2860.0000,zhejiang
2023-05-18 22:45:00,2885.0000,zhejiang
2023-05-18 23:00:00,2857.0000,zhejiang
2023-05-18 23:15:00,2618.0000,zhejiang
2023-05-18 23:30:00,2852.0000,zhejiang
2023-05-18 23:45:00,2560.0000,zhejiang
2023-05-19 00:00:00,2599.0000,zhejiang
2023-05-19 00:15:00,2690.0000,zhejiang
2023-05-19 00:30:00,2848.0000,zhejiang
2023-05-19 00:45:00,2777.0000,zhejiang
2023-05-19 01:00:00,2719.0000,zhejiang
2023-05-19 01:15:00,2879.0000,zhejiang
2023-05-19 01:30:00,2774.0000,zhejiang
2023-05-19 01:45:00,2696.0000,zhejiang
2023-05-19 02:00:00,2841.0000,zhejiang
2023-05-19 02:15:00,2819.0000,zhejiang
2023-05-19 02:30:00,2843.0000,zhejiang
2023-05-19 02:45:00,2860.0000,zhejiang
2023-05-19 03:00:00,2913.0000,zhejiang
2023-05-19 03:15:00,2864.0000,zhejiang
2023-05-19 03:30:00,2951.0000,zhejiang
2023-05-19 03:45:00,2920.0000,zhejiang
2023-05-19 04:00:00,3017.0000,zhejiang
2023-05-19 04:15:00,2915.0000,zhejiang
2023-05-19 04:30:00,2853.0000,zhejiang
2023-05-19 04:45:00,2886.0000,zhejiang
2023-05-19 05:00:00,2769.0000,zhejiang
2023-05-19 05:15:00,2671.0000,zhejiang
2023-05-19 05:30:00,2658.0000,zhejiang
2023-05-19 05:45:00,2649.0000,zhejiang
2023-05-19 06:00:00,2506.0000,zhejiang
2023-05-19 06:15:00,2503.0000,zhejiang
2023-05-19 06:30:00,2323.0000,zhejiang
2023-05-19 06:45:00,2321.0000,zhejiang
2023-05-19 07:00:00,1971.0000,zhejiang
2023-05-19 07:15:00,1780.0000,zhejiang
2023-05-19 07:30:00,1772.0000,zhejiang
2023-05-19 07:45:00,1441.0000,zhejiang
2023-05-19 08:00:00,1540.0000,zhejiang
2023-05-19 08:15:00,2021.0000,zhejiang
2023-05-19 08:30:00,2182.0000,zhejiang
2023-05-19 08:45:00,2382.0000,zhejiang
2023-05-19 09:00:00,2017.0000,zhejiang
2023-05-19 09:15:00,2065.0000,zhejiang
2023-05-19 09:30:00,2237.0000,zhejiang
2023-05-19 09:45:00,2639.0000,zhejiang
2023-05-19 10:00:00,2565.0000,zhejiang
2023-05-19 10:15:00,2228.0000,zhejiang
2023-05-19 10:30:00,2075.0000,zhejiang
2023-05-19 10:45:00,1524.0000,zhejiang
2023-05-19 11:00:00,1117.0000,zhejiang
2023-05-19 11:15:00,1232.0000,zhejiang
2023-05-19 11:30:00,1420.0000,zhejiang
2023-05-19 11:45:00,142.0000,zhejiang
2023-05-19 12:00:00,1114.0000,zhejiang
2023-05-19 12:15:00,1728.0000,zhejiang
2023-05-19 12:30:00,1981.0000,zhejiang
2023-05-19 12:45:00,2122.0000,zhejiang
2023-05-19 13:00:00,1915.0000,zhejiang
2023-05-19 13:15:00,693.0000,zhejiang
2023-05-19 13:30:00,490.0000,zhejiang
2023-05-19 13:45:00,1865.0000,zhejiang
2023-05-19 14:00:00,692.0000,zhejiang
2023-05-19 14:15:00,850.0000,zhejiang
2023-05-19 14:30:00,1043.0000,zhejiang
2023-05-19 14:45:00,874.0000,zhejiang
2023-05-19 15:00:00,1236.0000,zhejiang
2023-05-19 15:15:00,1189.0000,zhejiang
2023-05-19 15:30:00,1261.0000,zhejiang
2023-05-19 15:45:00,1626.0000,zhejiang
2023-05-19 16:00:00,2624.0000,zhejiang
2023-05-19 16:15:00,1712.0000,zhejiang
2023-05-19 16:30:00,2381.0000,zhejiang
2023-05-19 16:45:00,2211.0000,zhejiang
2023-05-19 17:00:00,2380.0000,zhejiang
2023-05-19 17:15:00,2622.0000,zhejiang
2023-05-19 17:30:00,2983.0000,zhejiang
2023-05-19 17:45:00,2955.0000,zhejiang
2023-05-19 18:00:00,3397.0000,zhejiang
2023-05-19 18:15:00,3480.0000,zhejiang
2023-05-19 18:30:00,3355.0000,zhejiang
2023-05-19 18:45:00,3211.0000,zhejiang
2023-05-19 19:00:00,3248.0000,zhejiang
2023-05-19 19:15:00,3185.0000,zhejiang
2023-05-19 19:30:00,3081.0000,zhejiang
2023-05-19 19:45:00,3028.0000,zhejiang
2023-05-19 20:00:00,2950.0000,zhejiang
2023-05-19 20:15:00,3095.0000,zhejiang
2023-05-19 20:30:00,3158.0000,zhejiang
2023-05-19 20:45:00,3164.0000,zhejiang
2023-05-19 21:00:00,3207.0000,zhejiang
2023-05-19 21:15:00,3135.0000,zhejiang
2023-05-19 21:30:00,2900.0000,zhejiang
2023-05-19 21:45:00,3354.0000,zhejiang
2023-05-19 22:00:00,3228.0000,zhejiang
2023-05-19 22:15:00,3260.0000,zhejiang
2023-05-19 22:30:00,3147.0000,zhejiang
2023-05-19 22:45:00,3141.0000,zhejiang
2023-05-19 23:00:00,3024.0000,zhejiang
2023-05-19 23:15:00,2805.0000,zhejiang
2023-05-19 23:30:00,2710.0000,zhejiang
2023-05-19 23:45:00,2671.0000,zhejiang
2023-05-20 00:00:00,2560.0000,zhejiang
2023-05-20 00:15:00,2715.0000,zhejiang
2023-05-20 00:30:00,2508.0000,zhejiang
2023-05-20 00:45:00,2756.0000,zhejiang
2023-05-20 01:00:00,2558.0000,zhejiang
2023-05-20 01:15:00,2602.0000,zhejiang
2023-05-20 01:30:00,2581.0000,zhejiang
2023-05-20 01:45:00,2754.0000,zhejiang
2023-05-20 02:00:00,2892.0000,zhejiang
2023-05-20 02:15:00,2865.0000,zhejiang
2023-05-20 02:30:00,2860.0000,zhejiang
2023-05-20 02:45:00,2729.0000,zhejiang
2023-05-20 03:00:00,2660.0000,zhejiang
2023-05-20 03:15:00,2891.0000,zhejiang
2023-05-20 03:30:00,2971.0000,zhejiang
2023-05-20 03:45:00,2786.0000,zhejiang
2023-05-20 04:00:00,2690.0000,zhejiang
2023-05-20 04:15:00,2880.0000,zhejiang
2023-05-20 04:30:00,2966.0000,zhejiang
2023-05-20 04:45:00,2925.0000,zhejiang
2023-05-20 05:00:00,2888.0000,zhejiang
2023-05-20 05:15:00,2696.0000,zhejiang
2023-05-20 05:30:00,2960.0000,zhejiang
2023-05-20 05:45:00,2713.0000,zhejiang
2023-05-20 06:00:00,2530.0000,zhejiang
2023-05-20 06:15:00,2320.0000,zhejiang
2023-05-20 06:30:00,2118.0000,zhejiang
2023-05-20 06:45:00,2258.0000,zhejiang
2023-05-20 07:00:00,2225.0000,zhejiang
2023-05-20 07:15:00,2090.0000,zhejiang
2023-05-20 07:30:00,1917.0000,zhejiang
2023-05-20 07:45:00,1972.0000,zhejiang
2023-05-20 08:00:00,1738.0000,zhejiang
2023-05-20 08:15:00,2171.0000,zhejiang
2023-05-20 08:30:00,1243.0000,zhejiang
2023-05-20 08:45:00,1746.0000,zhejiang
2023-05-20 09:00:00,1523.0000,zhejiang
2023-05-20 09:15:00,1323.0000,zhejiang
2023-05-20 09:30:00,1525.0000,zhejiang
2023-05-20 09:45:00,822.0000,zhejiang
2023-05-20 10:00:00,768.0000,zhejiang
2023-05-20 10:15:00,1332.0000,zhejiang
2023-05-20 10:30:00,-160.0000,zhejiang
2023-05-20 10:45:00,1541.0000,zhejiang
2023-05-20 11:00:00,-176.0000,zhejiang
2023-05-20 11:15:00,359.0000,zhejiang
2023-05-20 11:30:00,-57.0000,zhejiang
2023-05-20 11:45:00,1275.0000,zhejiang
2023-05-20 12:00:00,705.0000,zhejiang
2023-05-20 12:15:00,1136.0000,zhejiang
2023-05-20 12:30:00,1223.0000,zhejiang
2023-05-20 12:45:00,1289.0000,zhejiang
2023-05-20 13:00:00,1675.0000,zhejiang
2023-05-20 13:15:00,1657.0000,zhejiang
2023-05-20 13:30:00,839.0000,zhejiang
2023-05-20 13:45:00,1764.0000,zhejiang
2023-05-20 14:00:00,1992.0000,zhejiang
2023-05-20 14:15:00,2019.0000,zhejiang
2023-05-20 14:30:00,1780.0000,zhejiang
2023-05-20 14:45:00,1850.0000,zhejiang
2023-05-20 15:00:00,1692.0000,zhejiang
2023-05-20 15:15:00,1223.0000,zhejiang
2023-05-20 15:30:00,1442.0000,zhejiang
2023-05-20 15:45:00,1971.0000,zhejiang
2023-05-20 16:00:00,2130.0000,zhejiang
2023-05-20 16:15:00,2543.0000,zhejiang
2023-05-20 16:30:00,2719.0000,zhejiang
2023-05-20 16:45:00,2591.0000,zhejiang
2023-05-20 17:00:00,2775.0000,zhejiang
2023-05-20 17:15:00,2758.0000,zhejiang
2023-05-20 17:30:00,2797.0000,zhejiang
2023-05-20 17:45:00,2858.0000,zhejiang
2023-05-20 18:00:00,2883.0000,zhejiang
2023-05-20 18:15:00,2898.0000,zhejiang
2023-05-20 18:30:00,2786.0000,zhejiang
2023-05-20 18:45:00,2778.0000,zhejiang
2023-05-20 19:00:00,2784.0000,zhejiang
2023-05-20 19:15:00,2829.0000,zhejiang
2023-05-20 19:30:00,2651.0000,zhejiang
2023-05-20 19:45:00,2725.0000,zhejiang
2023-05-20 20:00:00,2754.0000,zhejiang
2023-05-20 20:15:00,2821.0000,zhejiang
2023-05-20 20:30:00,3192.0000,zhejiang
2023-05-20 20:45:00,3411.0000,zhejiang
2023-05-20 21:00:00,3246.0000,zhejiang
2023-05-20 21:15:00,3325.0000,zhejiang
2023-05-20 21:30:00,3319.0000,zhejiang
2023-05-20 21:45:00,3249.0000,zhejiang
2023-05-20 22:00:00,3253.0000,zhejiang
2023-05-20 22:15:00,3517.0000,zhejiang
2023-05-20 22:30:00,3429.0000,zhejiang
2023-05-20 22:45:00,3370.0000,zhejiang
2023-05-20 23:00:00,3128.0000,zhejiang
2023-05-20 23:15:00,3115.0000,zhejiang
2023-05-20 23:30:00,3176.0000,zhejiang
2023-05-20 23:45:00,2932.0000,zhejiang
2023-05-21 00:00:00,3021.0000,zhejiang
2023-05-21 00:15:00,3019.0000,zhejiang
2023-05-21 00:30:00,2950.0000,zhejiang
2023-05-21 00:45:00,3004.0000,zhejiang
2023-05-21 01:00:00,3034.0000,zhejiang
2023-05-21 01:15:00,3199.0000,zhejiang
2023-05-21 01:30:00,3175.0000,zhejiang
2023-05-21 01:45:00,2860.0000,zhejiang
2023-05-21 02:00:00,3107.0000,zhejiang
2023-05-21 02:15:00,3127.0000,zhejiang
2023-05-21 02:30:00,3091.0000,zhejiang
2023-05-21 02:45:00,3187.0000,zhejiang
2023-05-21 03:00:00,3227.0000,zhejiang
2023-05-21 03:15:00,3172.0000,zhejiang
2023-05-21 03:30:00,3286.0000,zhejiang
2023-05-21 03:45:00,3113.0000,zhejiang
2023-05-21 04:00:00,3146.0000,zhejiang
2023-05-21 04:15:00,3262.0000,zhejiang
2023-05-21 04:30:00,3310.0000,zhejiang
2023-05-21 04:45:00,3084.0000,zhejiang
2023-05-21 05:00:00,3065.0000,zhejiang
2023-05-21 05:15:00,3132.0000,zhejiang
2023-05-21 05:30:00,3040.0000,zhejiang
2023-05-21 05:45:00,2970.0000,zhejiang
2023-05-21 06:00:00,2927.0000,zhejiang
2023-05-21 06:15:00,2775.0000,zhejiang
2023-05-21 06:30:00,2690.0000,zhejiang
2023-05-21 06:45:00,2436.0000,zhejiang
2023-05-21 07:00:00,2602.0000,zhejiang
2023-05-21 07:15:00,2461.0000,zhejiang
2023-05-21 07:30:00,2424.0000,zhejiang
2023-05-21 07:45:00,2407.0000,zhejiang
2023-05-21 08:00:00,2366.0000,zhejiang
2023-05-21 08:15:00,2203.0000,zhejiang
2023-05-21 08:30:00,1940.0000,zhejiang
2023-05-21 08:45:00,2176.0000,zhejiang
2023-05-21 09:00:00,1964.0000,zhejiang
2023-05-21 09:15:00,1348.0000,zhejiang
2023-05-21 09:30:00,1453.0000,zhejiang
2023-05-21 09:45:00,1234.0000,zhejiang
2023-05-21 10:00:00,899.0000,zhejiang
2023-05-21 10:15:00,1426.0000,zhejiang
2023-05-21 10:30:00,1904.0000,zhejiang
2023-05-21 10:45:00,1688.0000,zhejiang
2023-05-21 11:00:00,1108.0000,zhejiang
2023-05-21 11:15:00,1465.0000,zhejiang
2023-05-21 11:30:00,1652.0000,zhejiang
2023-05-21 11:45:00,1378.0000,zhejiang
2023-05-21 12:00:00,1311.0000,zhejiang
2023-05-21 12:15:00,730.0000,zhejiang
2023-05-21 12:30:00,1071.0000,zhejiang
2023-05-21 12:45:00,940.0000,zhejiang
2023-05-21 13:00:00,-56.0000,zhejiang
2023-05-21 13:15:00,520.0000,zhejiang
2023-05-21 13:30:00,645.0000,zhejiang
2023-05-21 13:45:00,1462.0000,zhejiang
2023-05-21 14:00:00,2278.0000,zhejiang
2023-05-21 14:15:00,2432.0000,zhejiang
2023-05-21 14:30:00,2605.0000,zhejiang
2023-05-21 14:45:00,2518.0000,zhejiang
2023-05-21 15:00:00,2763.0000,zhejiang
2023-05-21 15:15:00,2555.0000,zhejiang
2023-05-21 15:30:00,2505.0000,zhejiang
2023-05-21 15:45:00,2473.0000,zhejiang
2023-05-21 16:00:00,2387.0000,zhejiang
2023-05-21 16:15:00,2614.0000,zhejiang
2023-05-21 16:30:00,2616.0000,zhejiang
2023-05-21 16:45:00,2764.0000,zhejiang
2023-05-21 17:00:00,2958.0000,zhejiang
2023-05-21 17:15:00,3142.0000,zhejiang
2023-05-21 17:30:00,3299.0000,zhejiang
2023-05-21 17:45:00,3257.0000,zhejiang
2023-05-21 18:00:00,3462.0000,zhejiang
2023-05-21 18:15:00,3279.0000,zhejiang
2023-05-21 18:30:00,3321.0000,zhejiang
2023-05-21 18:45:00,3327.0000,zhejiang
2023-05-21 19:00:00,3284.0000,zhejiang
2023-05-21 19:15:00,3215.0000,zhejiang
2023-05-21 19:30:00,3110.0000,zhejiang
2023-05-21 19:45:00,3115.0000,zhejiang
2023-05-21 20:00:00,3074.0000,zhejiang
2023-05-21 20:15:00,3034.0000,zhejiang
2023-05-21 20:30:00,3090.0000,zhejiang
2023-05-21 20:45:00,3129.0000,zhejiang
2023-05-21 21:00:00,3190.0000,zhejiang
2023-05-21 21:15:00,3245.0000,zhejiang
2023-05-21 21:30:00,3233.0000,zhejiang
2023-05-21 21:45:00,3247.0000,zhejiang
2023-05-21 22:00:00,3143.0000,zhejiang
2023-05-21 22:15:00,3176.0000,zhejiang
2023-05-21 22:30:00,3172.0000,zhejiang
2023-05-21 22:45:00,3215.0000,zhejiang
2023-05-21 23:00:00,2922.0000,zhejiang
2023-05-21 23:15:00,2933.0000,zhejiang
2023-05-21 23:30:00,2869.0000,zhejiang
2023-05-21 23:45:00,2794.0000,zhejiang
2023-05-22 00:00:00,2663.0000,zhejiang
2023-05-22 00:15:00,2759.0000,zhejiang
2023-05-22 00:30:00,2674.0000,zhejiang
2023-05-22 00:45:00,2783.0000,zhejiang
2023-05-22 01:00:00,2684.0000,zhejiang
2023-05-22 01:15:00,2810.0000,zhejiang
2023-05-22 01:30:00,2882.0000,zhejiang
2023-05-22 01:45:00,2801.0000,zhejiang
2023-05-22 02:00:00,2942.0000,zhejiang
2023-05-22 02:15:00,2888.0000,zhejiang
2023-05-22 02:30:00,2930.0000,zhejiang
2023-05-22 02:45:00,2754.0000,zhejiang
2023-05-22 03:00:00,2886.0000,zhejiang
2023-05-22 03:15:00,2766.0000,zhejiang
2023-05-22 03:30:00,2744.0000,zhejiang
2023-05-22 03:45:00,2745.0000,zhejiang
2023-05-22 04:00:00,2860.0000,zhejiang
2023-05-22 04:15:00,2502.0000,zhejiang
2023-05-22 04:30:00,2484.0000,zhejiang
2023-05-22 04:45:00,2677.0000,zhejiang
2023-05-22 05:00:00,2436.0000,zhejiang
2023-05-22 05:15:00,2584.0000,zhejiang
2023-05-22 05:30:00,2526.0000,zhejiang
2023-05-22 05:45:00,2497.0000,zhejiang
2023-05-22 06:00:00,2601.0000,zhejiang
2023-05-22 06:15:00,2408.0000,zhejiang
2023-05-22 06:30:00,2351.0000,zhejiang
2023-05-22 06:45:00,2359.0000,zhejiang
2023-05-22 07:00:00,2213.0000,zhejiang
2023-05-22 07:15:00,2019.0000,zhejiang
2023-05-22 07:30:00,2160.0000,zhejiang
2023-05-22 07:45:00,2164.0000,zhejiang
2023-05-22 08:00:00,2176.0000,zhejiang
2023-05-22 08:15:00,1763.0000,zhejiang
2023-05-22 08:30:00,2044.0000,zhejiang
2023-05-22 08:45:00,2301.0000,zhejiang
2023-05-22 09:00:00,2073.0000,zhejiang
2023-05-22 09:15:00,2084.0000,zhejiang
2023-05-22 09:30:00,2018.0000,zhejiang
2023-05-22 09:45:00,2148.0000,zhejiang
2023-05-22 10:00:00,2623.0000,zhejiang
2023-05-22 10:15:00,2731.0000,zhejiang
2023-05-22 10:30:00,2695.0000,zhejiang
2023-05-22 10:45:00,2687.0000,zhejiang
2023-05-22 11:00:00,2725.0000,zhejiang
2023-05-22 11:15:00,2491.0000,zhejiang
2023-05-22 11:30:00,2620.0000,zhejiang
2023-05-22 11:45:00,2668.0000,zhejiang
2023-05-22 12:00:00,2790.0000,zhejiang
2023-05-22 12:15:00,2704.0000,zhejiang
2023-05-22 12:30:00,2807.0000,zhejiang
2023-05-22 12:45:00,2750.0000,zhejiang
2023-05-22 13:00:00,2624.0000,zhejiang
2023-05-22 13:15:00,2517.0000,zhejiang
2023-05-22 13:30:00,2422.0000,zhejiang
2023-05-22 13:45:00,2547.0000,zhejiang
2023-05-22 14:00:00,2511.0000,zhejiang
2023-05-22 14:15:00,2654.0000,zhejiang
2023-05-22 14:30:00,2742.0000,zhejiang
2023-05-22 14:45:00,2584.0000,zhejiang
2023-05-22 15:00:00,2414.0000,zhejiang
2023-05-22 15:15:00,2526.0000,zhejiang
2023-05-22 15:30:00,2569.0000,zhejiang
2023-05-22 15:45:00,2507.0000,zhejiang
2023-05-22 16:00:00,2728.0000,zhejiang
2023-05-22 16:15:00,2476.0000,zhejiang
2023-05-22 16:30:00,2302.0000,zhejiang
2023-05-22 16:45:00,2516.0000,zhejiang
2023-05-22 17:00:00,2587.0000,zhejiang
2023-05-22 17:15:00,2607.0000,zhejiang
2023-05-22 17:30:00,2543.0000,zhejiang
2023-05-22 17:45:00,2518.0000,zhejiang
2023-05-22 18:00:00,2519.0000,zhejiang
2023-05-22 18:15:00,2758.0000,zhejiang
2023-05-22 18:30:00,2431.0000,zhejiang
2023-05-22 18:45:00,2511.0000,zhejiang
2023-05-22 19:00:00,2544.0000,zhejiang
2023-05-22 19:15:00,2289.0000,zhejiang
2023-05-22 19:30:00,2468.0000,zhejiang
2023-05-22 19:45:00,2432.0000,zhejiang
2023-05-22 20:00:00,2326.0000,zhejiang
2023-05-22 20:15:00,2318.0000,zhejiang
2023-05-22 20:30:00,2331.0000,zhejiang
2023-05-22 20:45:00,2351.0000,zhejiang
2023-05-22 21:00:00,2338.0000,zhejiang
2023-05-22 21:15:00,2244.0000,zhejiang
2023-05-22 21:30:00,2314.0000,zhejiang
2023-05-22 21:45:00,2296.0000,zhejiang
2023-05-22 22:00:00,2369.0000,zhejiang
2023-05-22 22:15:00,2432.0000,zhejiang
2023-05-22 22:30:00,2413.0000,zhejiang
2023-05-22 22:45:00,2358.0000,zhejiang
2023-05-22 23:00:00,2310.0000,zhejiang
2023-05-22 23:15:00,2207.0000,zhejiang
2023-05-22 23:30:00,2245.0000,zhejiang
2023-05-22 23:45:00,1962.0000,zhejiang
2023-05-24 00:00:00,2488.0000,zhejiang
2023-05-24 00:15:00,2485.0000,zhejiang
2023-05-24 00:30:00,2387.0000,zhejiang
2023-05-24 00:45:00,2418.0000,zhejiang
2023-05-24 01:00:00,2421.0000,zhejiang
2023-05-24 01:15:00,2352.0000,zhejiang
2023-05-24 01:30:00,2558.0000,zhejiang
2023-05-24 01:45:00,2355.0000,zhejiang
2023-05-24 02:00:00,2539.0000,zhejiang
2023-05-24 02:15:00,2510.0000,zhejiang
2023-05-24 02:30:00,2321.0000,zhejiang
2023-05-24 02:45:00,2329.0000,zhejiang
2023-05-24 03:00:00,2475.0000,zhejiang
2023-05-24 03:15:00,2423.0000,zhejiang
2023-05-24 03:30:00,2521.0000,zhejiang
2023-05-24 03:45:00,2566.0000,zhejiang
2023-05-24 04:00:00,2506.0000,zhejiang
2023-05-24 04:15:00,2406.0000,zhejiang
2023-05-24 04:30:00,2459.0000,zhejiang
2023-05-24 04:45:00,2329.0000,zhejiang
2023-05-24 05:00:00,2408.0000,zhejiang
2023-05-24 05:15:00,2391.0000,zhejiang
2023-05-24 05:30:00,2324.0000,zhejiang
2023-05-24 05:45:00,2324.0000,zhejiang
2023-05-24 06:00:00,2450.0000,zhejiang
2023-05-24 06:15:00,2435.0000,zhejiang
2023-05-24 06:30:00,2301.0000,zhejiang
2023-05-24 06:45:00,2384.0000,zhejiang
2023-05-24 07:00:00,2219.0000,zhejiang
2023-05-24 07:15:00,2093.0000,zhejiang
2023-05-24 07:30:00,2014.0000,zhejiang
2023-05-24 07:45:00,2063.0000,zhejiang
2023-05-24 08:00:00,2180.0000,zhejiang
2023-05-24 08:15:00,2122.0000,zhejiang
2023-05-24 08:30:00,2569.0000,zhejiang
2023-05-24 08:45:00,2343.0000,zhejiang
2023-05-24 09:00:00,2628.0000,zhejiang
2023-05-24 09:15:00,2563.0000,zhejiang
2023-05-24 09:30:00,2389.0000,zhejiang
2023-05-24 09:45:00,2530.0000,zhejiang
2023-05-24 10:00:00,2484.0000,zhejiang
2023-05-24 10:15:00,2579.0000,zhejiang
2023-05-24 10:30:00,2447.0000,zhejiang
2023-05-24 10:45:00,2083.0000,zhejiang
2023-05-24 11:00:00,2306.0000,zhejiang
2023-05-24 11:15:00,2151.0000,zhejiang
2023-05-24 11:30:00,1881.0000,zhejiang
2023-05-24 11:45:00,2402.0000,zhejiang
2023-05-24 12:00:00,1530.0000,zhejiang
2023-05-24 12:15:00,371.0000,zhejiang
2023-05-24 12:30:00,1506.0000,zhejiang
2023-05-24 12:45:00,1691.0000,zhejiang
2023-05-24 13:00:00,1188.0000,zhejiang
2023-05-24 13:15:00,1704.0000,zhejiang
2023-05-24 13:30:00,1725.0000,zhejiang
2023-05-24 13:45:00,2036.0000,zhejiang
2023-05-24 14:00:00,1287.0000,zhejiang
2023-05-24 14:15:00,1821.0000,zhejiang
2023-05-24 14:30:00,2025.0000,zhejiang
2023-05-24 14:45:00,2229.0000,zhejiang
2023-05-24 15:00:00,2135.0000,zhejiang
2023-05-24 15:15:00,1566.0000,zhejiang
2023-05-24 15:30:00,1634.0000,zhejiang
2023-05-24 15:45:00,1557.0000,zhejiang
2023-05-24 16:00:00,2061.0000,zhejiang
2023-05-24 16:15:00,1860.0000,zhejiang
2023-05-24 16:30:00,1519.0000,zhejiang
2023-05-24 16:45:00,2035.0000,zhejiang
2023-05-24 17:00:00,2183.0000,zhejiang
2023-05-24 17:15:00,2257.0000,zhejiang
2023-05-24 17:30:00,2475.0000,zhejiang
2023-05-24 17:45:00,2488.0000,zhejiang
2023-05-24 18:00:00,2522.0000,zhejiang
2023-05-24 18:15:00,2509.0000,zhejiang
2023-05-24 18:30:00,2455.0000,zhejiang
2023-05-24 18:45:00,2457.0000,zhejiang
2023-05-24 19:00:00,2456.0000,zhejiang
2023-05-24 19:15:00,2567.0000,zhejiang
2023-05-24 19:30:00,2622.0000,zhejiang
2023-05-24 19:45:00,2566.0000,zhejiang
2023-05-24 20:00:00,2471.0000,zhejiang
2023-05-24 20:15:00,2510.0000,zhejiang
2023-05-24 20:30:00,2497.0000,zhejiang
2023-05-24 20:45:00,2582.0000,zhejiang
2023-05-24 21:00:00,2500.0000,zhejiang
2023-05-24 21:15:00,2556.0000,zhejiang
2023-05-24 21:30:00,2467.0000,zhejiang
2023-05-24 21:45:00,2482.0000,zhejiang
2023-05-24 22:00:00,2531.0000,zhejiang
2023-05-24 22:15:00,2407.0000,zhejiang
2023-05-24 22:30:00,2328.0000,zhejiang
2023-05-24 22:45:00,2263.0000,zhejiang
2023-05-24 23:00:00,2246.0000,zhejiang
2023-05-24 23:15:00,2064.0000,zhejiang
2023-05-24 23:30:00,1892.0000,zhejiang
2023-05-24 23:45:00,2003.0000,zhejiang
2023-05-25 00:00:00,1954.0000,zhejiang
2023-05-25 00:15:00,2102.0000,zhejiang
2023-05-25 00:30:00,2205.0000,zhejiang
2023-05-25 00:45:00,2172.0000,zhejiang
2023-05-25 01:00:00,2058.0000,zhejiang
2023-05-25 01:15:00,2152.0000,zhejiang
2023-05-25 01:30:00,2157.0000,zhejiang
2023-05-25 01:45:00,2230.0000,zhejiang
2023-05-25 02:00:00,2079.0000,zhejiang
2023-05-25 02:15:00,2090.0000,zhejiang
2023-05-25 02:30:00,1992.0000,zhejiang
2023-05-25 02:45:00,1931.0000,zhejiang
2023-05-25 03:00:00,1932.0000,zhejiang
2023-05-25 03:15:00,2038.0000,zhejiang
2023-05-25 03:30:00,2041.0000,zhejiang
2023-05-25 03:45:00,1961.0000,zhejiang
2023-05-25 04:00:00,1949.0000,zhejiang
2023-05-25 04:15:00,1814.0000,zhejiang
2023-05-25 04:30:00,2089.0000,zhejiang
2023-05-25 04:45:00,1968.0000,zhejiang
2023-05-25 05:00:00,1933.0000,zhejiang
2023-05-25 05:15:00,1953.0000,zhejiang
2023-05-25 05:30:00,1890.0000,zhejiang
2023-05-25 05:45:00,1757.0000,zhejiang
2023-05-25 06:00:00,1754.0000,zhejiang
2023-05-25 06:15:00,1482.0000,zhejiang
2023-05-25 06:30:00,1420.0000,zhejiang
2023-05-25 06:45:00,1226.0000,zhejiang
2023-05-25 07:00:00,780.0000,zhejiang
2023-05-25 07:15:00,877.0000,zhejiang
2023-05-25 07:30:00,734.0000,zhejiang
2023-05-25 07:45:00,460.0000,zhejiang
2023-05-25 08:00:00,240.0000,zhejiang
2023-05-25 08:15:00,496.0000,zhejiang
2023-05-25 08:30:00,68.0000,zhejiang
2023-05-25 08:45:00,22.0000,zhejiang
2023-05-25 09:00:00,-26.0000,zhejiang
2023-05-25 09:15:00,-158.0000,zhejiang
2023-05-25 09:30:00,-454.0000,zhejiang
2023-05-25 09:45:00,-439.0000,zhejiang
2023-05-25 10:00:00,-596.0000,zhejiang
2023-05-25 10:15:00,-616.0000,zhejiang
2023-05-25 10:30:00,-615.0000,zhejiang
2023-05-25 10:45:00,-870.0000,zhejiang
2023-05-25 11:00:00,-1044.0000,zhejiang
2023-05-25 11:15:00,-957.0000,zhejiang
2023-05-25 11:30:00,-886.0000,zhejiang
2023-05-25 11:45:00,-1147.0000,zhejiang
2023-05-25 12:00:00,-1037.0000,zhejiang
2023-05-25 12:15:00,-967.0000,zhejiang
2023-05-25 12:30:00,-633.0000,zhejiang
2023-05-25 12:45:00,-942.0000,zhejiang
2023-05-25 13:00:00,-552.0000,zhejiang
2023-05-25 13:15:00,-442.0000,zhejiang
2023-05-25 13:30:00,-210.0000,zhejiang
2023-05-25 13:45:00,-210.0000,zhejiang
2023-05-25 14:00:00,-135.0000,zhejiang
2023-05-25 14:15:00,-210.0000,zhejiang
2023-05-25 14:30:00,97.0000,zhejiang
2023-05-25 14:45:00,406.0000,zhejiang
2023-05-25 15:00:00,213.0000,zhejiang
2023-05-25 15:15:00,411.0000,zhejiang
2023-05-25 15:30:00,1196.0000,zhejiang
2023-05-25 15:45:00,946.0000,zhejiang
2023-05-25 16:00:00,1513.0000,zhejiang
2023-05-25 16:15:00,1341.0000,zhejiang
2023-05-25 16:30:00,1330.0000,zhejiang
2023-05-25 16:45:00,1377.0000,zhejiang
2023-05-25 17:00:00,1362.0000,zhejiang
2023-05-25 17:15:00,1512.0000,zhejiang
2023-05-25 17:30:00,1916.0000,zhejiang
2023-05-25 17:45:00,1980.0000,zhejiang
2023-05-25 18:00:00,2262.0000,zhejiang
2023-05-25 18:15:00,2103.0000,zhejiang
2023-05-25 18:30:00,2125.0000,zhejiang
2023-05-25 18:45:00,2236.0000,zhejiang
2023-05-25 19:00:00,2358.0000,zhejiang
2023-05-25 19:15:00,2247.0000,zhejiang
2023-05-25 19:30:00,2286.0000,zhejiang
2023-05-25 19:45:00,2444.0000,zhejiang
2023-05-25 20:00:00,2429.0000,zhejiang
2023-05-25 20:15:00,2476.0000,zhejiang
2023-05-25 20:30:00,2705.0000,zhejiang
2023-05-25 20:45:00,2661.0000,zhejiang
2023-05-25 21:00:00,2716.0000,zhejiang
2023-05-25 21:15:00,2729.0000,zhejiang
2023-05-25 21:30:00,2740.0000,zhejiang
2023-05-25 21:45:00,2658.0000,zhejiang
2023-05-25 22:00:00,2700.0000,zhejiang
2023-05-25 22:15:00,2780.0000,zhejiang
2023-05-25 22:30:00,2810.0000,zhejiang
2023-05-25 22:45:00,2732.0000,zhejiang
2023-05-25 23:00:00,2536.0000,zhejiang
2023-05-25 23:15:00,2421.0000,zhejiang
2023-05-25 23:30:00,2362.0000,zhejiang
2023-05-25 23:45:00,2597.0000,zhejiang
2023-05-26 00:00:00,2315.0000,zhejiang
2023-05-26 00:15:00,2503.0000,zhejiang
2023-05-26 00:30:00,2670.0000,zhejiang
2023-05-26 00:45:00,2600.0000,zhejiang
2023-05-26 01:00:00,2692.0000,zhejiang
2023-05-26 01:15:00,2721.0000,zhejiang
2023-05-26 01:30:00,2771.0000,zhejiang
2023-05-26 01:45:00,2525.0000,zhejiang
2023-05-26 02:00:00,2748.0000,zhejiang
2023-05-26 02:15:00,2584.0000,zhejiang
2023-05-26 02:30:00,2673.0000,zhejiang
2023-05-26 02:45:00,2719.0000,zhejiang
2023-05-26 03:00:00,2647.0000,zhejiang
2023-05-26 03:15:00,2535.0000,zhejiang
2023-05-26 03:30:00,2543.0000,zhejiang
2023-05-26 03:45:00,2601.0000,zhejiang
2023-05-26 04:00:00,2566.0000,zhejiang
2023-05-26 04:15:00,2497.0000,zhejiang
2023-05-26 04:30:00,2484.0000,zhejiang
2023-05-26 04:45:00,2395.0000,zhejiang
2023-05-26 05:00:00,2766.0000,zhejiang
2023-05-26 05:15:00,2494.0000,zhejiang
2023-05-26 05:30:00,2626.0000,zhejiang
2023-05-26 05:45:00,2324.0000,zhejiang
2023-05-26 06:00:00,2297.0000,zhejiang
2023-05-26 06:15:00,2274.0000,zhejiang
2023-05-26 06:30:00,2151.0000,zhejiang
2023-05-26 06:45:00,1983.0000,zhejiang
2023-05-26 07:00:00,1987.0000,zhejiang
2023-05-26 07:15:00,1907.0000,zhejiang
2023-05-26 07:30:00,1639.0000,zhejiang
2023-05-26 07:45:00,1236.0000,zhejiang
2023-05-26 08:00:00,1233.0000,zhejiang
2023-05-26 08:15:00,1445.0000,zhejiang
2023-05-26 08:30:00,1495.0000,zhejiang
2023-05-26 08:45:00,1662.0000,zhejiang
2023-05-26 09:00:00,1890.0000,zhejiang
2023-05-26 09:15:00,1039.0000,zhejiang
2023-05-26 09:30:00,1677.0000,zhejiang
2023-05-26 09:45:00,838.0000,zhejiang
2023-05-26 10:00:00,1309.0000,zhejiang
2023-05-26 10:15:00,845.0000,zhejiang
2023-05-26 10:30:00,1334.0000,zhejiang
2023-05-26 10:45:00,2259.0000,zhejiang
2023-05-26 11:00:00,2133.0000,zhejiang
2023-05-26 11:15:00,2014.0000,zhejiang
2023-05-26 11:30:00,1204.0000,zhejiang
2023-05-26 11:45:00,573.0000,zhejiang
2023-05-26 12:00:00,838.0000,zhejiang
2023-05-26 12:15:00,863.0000,zhejiang
2023-05-26 12:30:00,-179.0000,zhejiang
2023-05-26 12:45:00,568.0000,zhejiang
2023-05-26 13:00:00,-264.0000,zhejiang
2023-05-26 13:15:00,34.0000,zhejiang
2023-05-26 13:30:00,369.0000,zhejiang
2023-05-26 13:45:00,588.0000,zhejiang
2023-05-26 14:00:00,515.0000,zhejiang
2023-05-26 14:15:00,1152.0000,zhejiang
2023-05-26 14:30:00,1297.0000,zhejiang
2023-05-26 14:45:00,1871.0000,zhejiang
2023-05-26 15:00:00,971.0000,zhejiang
2023-05-26 15:15:00,1862.0000,zhejiang
2023-05-26 15:30:00,2079.0000,zhejiang
2023-05-26 15:45:00,2137.0000,zhejiang
2023-05-26 16:00:00,1794.0000,zhejiang
2023-05-26 16:15:00,2031.0000,zhejiang
2023-05-26 16:30:00,1851.0000,zhejiang
2023-05-26 16:45:00,2173.0000,zhejiang
2023-05-26 17:00:00,2418.0000,zhejiang
2023-05-26 17:15:00,2596.0000,zhejiang
2023-05-26 17:30:00,2831.0000,zhejiang
2023-05-26 17:45:00,2964.0000,zhejiang
2023-05-26 18:00:00,3021.0000,zhejiang
2023-05-26 18:15:00,2781.0000,zhejiang
2023-05-26 18:30:00,2787.0000,zhejiang
2023-05-26 18:45:00,2593.0000,zhejiang
2023-05-26 19:00:00,2748.0000,zhejiang
2023-05-26 19:15:00,2859.0000,zhejiang
2023-05-26 19:30:00,2663.0000,zhejiang
2023-05-26 19:45:00,2480.0000,zhejiang
2023-05-26 20:00:00,2369.0000,zhejiang
2023-05-26 20:15:00,2571.0000,zhejiang
2023-05-26 20:30:00,2640.0000,zhejiang
2023-05-26 20:45:00,2595.0000,zhejiang
2023-05-26 21:00:00,2490.0000,zhejiang
2023-05-26 21:15:00,2604.0000,zhejiang
2023-05-26 21:30:00,2676.0000,zhejiang
2023-05-26 21:45:00,2713.0000,zhejiang
2023-05-26 22:00:00,2707.0000,zhejiang
2023-05-26 22:15:00,2613.0000,zhejiang
2023-05-26 22:30:00,2579.0000,zhejiang
2023-05-26 22:45:00,2679.0000,zhejiang
2023-05-26 23:00:00,2548.0000,zhejiang
2023-05-26 23:15:00,2612.0000,zhejiang
2023-05-26 23:30:00,2420.0000,zhejiang
2023-05-26 23:45:00,2313.0000,zhejiang
2023-05-27 00:00:00,2603.0000,zhejiang
2023-05-27 00:15:00,2820.0000,zhejiang
2023-05-27 00:30:00,2792.0000,zhejiang
2023-05-27 00:45:00,2880.0000,zhejiang
2023-05-27 01:00:00,2281.0000,zhejiang
2023-05-27 01:15:00,2593.0000,zhejiang
2023-05-27 01:30:00,2560.0000,zhejiang
2023-05-27 01:45:00,2520.0000,zhejiang
2023-05-27 02:00:00,2599.0000,zhejiang
2023-05-27 02:15:00,2499.0000,zhejiang
2023-05-27 02:30:00,2453.0000,zhejiang
2023-05-27 02:45:00,2525.0000,zhejiang
2023-05-27 03:00:00,2501.0000,zhejiang
2023-05-27 03:15:00,2538.0000,zhejiang
2023-05-27 03:30:00,2538.0000,zhejiang
2023-05-27 03:45:00,2504.0000,zhejiang
2023-05-27 04:00:00,2459.0000,zhejiang
2023-05-27 04:15:00,2398.0000,zhejiang
2023-05-27 04:30:00,2017.0000,zhejiang
2023-05-27 04:45:00,2489.0000,zhejiang
2023-05-27 05:00:00,2391.0000,zhejiang
2023-05-27 05:15:00,2232.0000,zhejiang
2023-05-27 05:30:00,2001.0000,zhejiang
2023-05-27 05:45:00,1927.0000,zhejiang
2023-05-27 06:00:00,1832.0000,zhejiang
2023-05-27 06:15:00,1760.0000,zhejiang
2023-05-27 06:30:00,1707.0000,zhejiang
2023-05-27 06:45:00,1609.0000,zhejiang
2023-05-27 07:00:00,1079.0000,zhejiang
2023-05-27 07:15:00,760.0000,zhejiang
2023-05-27 07:30:00,634.0000,zhejiang
2023-05-27 07:45:00,1012.0000,zhejiang
2023-05-27 08:00:00,638.0000,zhejiang
2023-05-27 08:15:00,810.0000,zhejiang
2023-05-27 08:30:00,567.0000,zhejiang
2023-05-27 08:45:00,431.0000,zhejiang
2023-05-27 09:00:00,501.0000,zhejiang
2023-05-27 09:15:00,832.0000,zhejiang
2023-05-27 09:30:00,1148.0000,zhejiang
2023-05-27 09:45:00,986.0000,zhejiang
2023-05-27 10:00:00,951.0000,zhejiang
2023-05-27 10:15:00,487.0000,zhejiang
2023-05-27 10:30:00,-26.0000,zhejiang
2023-05-27 10:45:00,860.0000,zhejiang
2023-05-27 11:00:00,1031.0000,zhejiang
2023-05-27 11:15:00,1218.0000,zhejiang
2023-05-27 11:30:00,897.0000,zhejiang
2023-05-27 11:45:00,896.0000,zhejiang
2023-05-27 12:00:00,-415.0000,zhejiang
2023-05-27 12:15:00,-227.0000,zhejiang
2023-05-27 12:30:00,-459.0000,zhejiang
2023-05-27 12:45:00,-824.0000,zhejiang
2023-05-27 13:00:00,1391.0000,zhejiang
2023-05-27 13:15:00,1043.0000,zhejiang
2023-05-27 13:30:00,627.0000,zhejiang
2023-05-27 13:45:00,695.0000,zhejiang
2023-05-27 14:00:00,784.0000,zhejiang
2023-05-27 14:15:00,1284.0000,zhejiang
2023-05-27 14:30:00,1412.0000,zhejiang
2023-05-27 14:45:00,936.0000,zhejiang
2023-05-27 15:00:00,1175.0000,zhejiang
2023-05-27 15:15:00,839.0000,zhejiang
2023-05-27 15:30:00,1007.0000,zhejiang
2023-05-27 15:45:00,1109.0000,zhejiang
2023-05-27 16:00:00,1359.0000,zhejiang
2023-05-27 16:15:00,1924.0000,zhejiang
2023-05-27 16:30:00,1901.0000,zhejiang
2023-05-27 16:45:00,2143.0000,zhejiang
2023-05-27 17:00:00,2136.0000,zhejiang
2023-05-27 17:15:00,2176.0000,zhejiang
2023-05-27 17:30:00,2088.0000,zhejiang
2023-05-27 17:45:00,2151.0000,zhejiang
2023-05-27 18:00:00,2209.0000,zhejiang
2023-05-27 18:15:00,2481.0000,zhejiang
2023-05-27 18:30:00,2386.0000,zhejiang
2023-05-27 18:45:00,2432.0000,zhejiang
2023-05-27 19:00:00,2240.0000,zhejiang
2023-05-27 19:15:00,2414.0000,zhejiang
2023-05-27 19:30:00,2143.0000,zhejiang
2023-05-27 19:45:00,2187.0000,zhejiang
2023-05-27 20:00:00,1994.0000,zhejiang
2023-05-27 20:15:00,2059.0000,zhejiang
2023-05-27 20:30:00,2007.0000,zhejiang
2023-05-27 20:45:00,2281.0000,zhejiang
2023-05-27 21:00:00,2195.0000,zhejiang
2023-05-27 21:15:00,2151.0000,zhejiang
2023-05-27 21:30:00,2285.0000,zhejiang
2023-05-27 21:45:00,2392.0000,zhejiang
2023-05-27 22:00:00,2336.0000,zhejiang
2023-05-27 22:15:00,2198.0000,zhejiang
2023-05-27 22:30:00,2192.0000,zhejiang
2023-05-27 22:45:00,2116.0000,zhejiang
2023-05-27 23:00:00,2236.0000,zhejiang
2023-05-27 23:15:00,2237.0000,zhejiang
2023-05-27 23:30:00,2073.0000,zhejiang
2023-05-27 23:45:00,1822.0000,zhejiang
2023-05-28 00:00:00,1935.0000,zhejiang
2023-05-28 00:15:00,2035.0000,zhejiang
2023-05-28 00:30:00,1973.0000,zhejiang
2023-05-28 00:45:00,1995.0000,zhejiang
2023-05-28 01:00:00,2032.0000,zhejiang
2023-05-28 01:15:00,2099.0000,zhejiang
2023-05-28 01:30:00,2021.0000,zhejiang
2023-05-28 01:45:00,1904.0000,zhejiang
2023-05-28 02:00:00,1810.0000,zhejiang
2023-05-28 02:15:00,2004.0000,zhejiang
2023-05-28 02:30:00,1922.0000,zhejiang
2023-05-28 02:45:00,2048.0000,zhejiang
2023-05-28 03:00:00,2188.0000,zhejiang
2023-05-28 03:15:00,2185.0000,zhejiang
2023-05-28 03:30:00,1951.0000,zhejiang
2023-05-28 03:45:00,2018.0000,zhejiang
2023-05-28 04:00:00,1737.0000,zhejiang
2023-05-28 04:15:00,1781.0000,zhejiang
2023-05-28 04:30:00,1920.0000,zhejiang
2023-05-28 04:45:00,1844.0000,zhejiang
2023-05-28 05:00:00,1797.0000,zhejiang
2023-05-28 05:15:00,1804.0000,zhejiang
2023-05-28 05:30:00,1800.0000,zhejiang
2023-05-28 05:45:00,1801.0000,zhejiang
2023-05-28 06:00:00,1723.0000,zhejiang
2023-05-28 06:15:00,1595.0000,zhejiang
2023-05-28 06:30:00,1343.0000,zhejiang
2023-05-28 06:45:00,1093.0000,zhejiang
2023-05-28 07:00:00,825.0000,zhejiang
2023-05-28 07:15:00,707.0000,zhejiang
2023-05-28 07:30:00,458.0000,zhejiang
2023-05-28 07:45:00,511.0000,zhejiang
2023-05-28 08:00:00,474.0000,zhejiang
2023-05-28 08:15:00,445.0000,zhejiang
2023-05-28 08:30:00,622.0000,zhejiang
2023-05-28 08:45:00,524.0000,zhejiang
2023-05-28 09:00:00,576.0000,zhejiang
2023-05-28 09:15:00,339.0000,zhejiang
2023-05-28 09:30:00,326.0000,zhejiang
2023-05-28 09:45:00,501.0000,zhejiang
2023-05-28 10:00:00,296.0000,zhejiang
2023-05-28 10:15:00,431.0000,zhejiang
2023-05-28 10:30:00,365.0000,zhejiang
2023-05-28 10:45:00,272.0000,zhejiang
2023-05-28 11:00:00,5.0000,zhejiang
2023-05-28 11:15:00,-62.0000,zhejiang
2023-05-28 11:30:00,138.0000,zhejiang
2023-05-28 11:45:00,91.0000,zhejiang
2023-05-28 12:00:00,-59.0000,zhejiang
2023-05-28 12:15:00,144.0000,zhejiang
2023-05-28 12:30:00,115.0000,zhejiang
2023-05-28 12:45:00,36.0000,zhejiang
2023-05-28 13:00:00,154.0000,zhejiang
2023-05-28 13:15:00,227.0000,zhejiang
2023-05-28 13:30:00,304.0000,zhejiang
2023-05-28 13:45:00,304.0000,zhejiang
2023-05-28 14:00:00,406.0000,zhejiang
2023-05-28 14:15:00,504.0000,zhejiang
2023-05-28 14:30:00,887.0000,zhejiang
2023-05-28 14:45:00,880.0000,zhejiang
2023-05-28 15:00:00,1167.0000,zhejiang
2023-05-28 15:15:00,1430.0000,zhejiang
2023-05-28 15:30:00,1489.0000,zhejiang
2023-05-28 15:45:00,1595.0000,zhejiang
2023-05-28 16:00:00,1681.0000,zhejiang
2023-05-28 16:15:00,1739.0000,zhejiang
2023-05-28 16:30:00,1778.0000,zhejiang
2023-05-28 16:45:00,1898.0000,zhejiang
2023-05-28 17:00:00,2160.0000,zhejiang
2023-05-28 17:15:00,2491.0000,zhejiang
2023-05-28 17:30:00,2869.0000,zhejiang
2023-05-28 17:45:00,2846.0000,zhejiang
2023-05-28 18:00:00,2663.0000,zhejiang
2023-05-28 18:15:00,2852.0000,zhejiang
2023-05-28 18:30:00,2944.0000,zhejiang
2023-05-28 18:45:00,3129.0000,zhejiang
2023-05-28 19:00:00,2995.0000,zhejiang
2023-05-28 19:15:00,2899.0000,zhejiang
2023-05-28 19:30:00,2905.0000,zhejiang
2023-05-28 19:45:00,2840.0000,zhejiang
2023-05-28 20:00:00,2588.0000,zhejiang
2023-05-28 20:15:00,2816.0000,zhejiang
2023-05-28 20:30:00,2772.0000,zhejiang
2023-05-28 20:45:00,2591.0000,zhejiang
2023-05-28 21:00:00,2674.0000,zhejiang
2023-05-28 21:15:00,2873.0000,zhejiang
2023-05-28 21:30:00,2812.0000,zhejiang
2023-05-28 21:45:00,2623.0000,zhejiang
2023-05-28 22:00:00,2727.0000,zhejiang
2023-05-28 22:15:00,2776.0000,zhejiang
2023-05-28 22:30:00,2737.0000,zhejiang
2023-05-28 22:45:00,2458.0000,zhejiang
2023-05-28 23:00:00,2463.0000,zhejiang
2023-05-28 23:15:00,2369.0000,zhejiang
2023-05-28 23:30:00,2318.0000,zhejiang
2023-05-28 23:45:00,2382.0000,zhejiang
2023-05-29 00:00:00,2501.0000,zhejiang
2023-05-29 00:15:00,2605.0000,zhejiang
2023-05-29 00:30:00,2469.0000,zhejiang
2023-05-29 00:45:00,2529.0000,zhejiang
2023-05-29 01:00:00,2581.0000,zhejiang
2023-05-29 01:15:00,2570.0000,zhejiang
2023-05-29 01:30:00,2703.0000,zhejiang
2023-05-29 01:45:00,2753.0000,zhejiang
2023-05-29 02:00:00,2756.0000,zhejiang
2023-05-29 02:15:00,2772.0000,zhejiang
2023-05-29 02:30:00,2751.0000,zhejiang
2023-05-29 02:45:00,2736.0000,zhejiang
2023-05-29 03:00:00,2674.0000,zhejiang
2023-05-29 03:15:00,2695.0000,zhejiang
2023-05-29 03:30:00,2573.0000,zhejiang
2023-05-29 03:45:00,2566.0000,zhejiang
2023-05-29 04:00:00,2544.0000,zhejiang
2023-05-29 04:15:00,2596.0000,zhejiang
2023-05-29 04:30:00,2595.0000,zhejiang
2023-05-29 04:45:00,2678.0000,zhejiang
2023-05-29 05:00:00,2583.0000,zhejiang
2023-05-29 05:15:00,2481.0000,zhejiang
2023-05-29 05:30:00,2432.0000,zhejiang
2023-05-29 05:45:00,2167.0000,zhejiang
2023-05-29 06:00:00,1905.0000,zhejiang
2023-05-29 06:15:00,1655.0000,zhejiang
2023-05-29 06:30:00,1566.0000,zhejiang
2023-05-29 06:45:00,1430.0000,zhejiang
2023-05-29 07:00:00,1346.0000,zhejiang
2023-05-29 07:15:00,1102.0000,zhejiang
2023-05-29 07:30:00,927.0000,zhejiang
2023-05-29 07:45:00,867.0000,zhejiang
2023-05-29 08:00:00,494.0000,zhejiang
2023-05-29 08:15:00,561.0000,zhejiang
2023-05-29 08:30:00,271.0000,zhejiang
2023-05-29 08:45:00,259.0000,zhejiang
2023-05-29 09:00:00,194.0000,zhejiang
2023-05-29 09:15:00,194.0000,zhejiang
2023-05-29 09:30:00,141.0000,zhejiang
2023-05-29 09:45:00,219.0000,zhejiang
2023-05-29 10:00:00,372.0000,zhejiang
2023-05-29 10:15:00,61.0000,zhejiang
2023-05-29 10:30:00,37.0000,zhejiang
2023-05-29 10:45:00,-98.0000,zhejiang
2023-05-29 11:00:00,47.0000,zhejiang
2023-05-29 11:15:00,16.0000,zhejiang
2023-05-29 11:30:00,64.0000,zhejiang
2023-05-29 11:45:00,142.0000,zhejiang
2023-05-29 12:00:00,-70.0000,zhejiang
2023-05-29 12:15:00,-237.0000,zhejiang
2023-05-29 12:30:00,3.0000,zhejiang
2023-05-29 12:45:00,-10.0000,zhejiang
2023-05-29 13:00:00,63.0000,zhejiang
2023-05-29 13:15:00,67.0000,zhejiang
2023-05-29 13:30:00,365.0000,zhejiang
2023-05-29 13:45:00,363.0000,zhejiang
2023-05-29 14:00:00,562.0000,zhejiang
2023-05-29 14:15:00,496.0000,zhejiang
2023-05-29 14:30:00,956.0000,zhejiang
2023-05-29 14:45:00,1881.0000,zhejiang
2023-05-29 15:00:00,989.0000,zhejiang
2023-05-29 15:15:00,1864.0000,zhejiang
2023-05-29 15:30:00,1965.0000,zhejiang
2023-05-29 15:45:00,1750.0000,zhejiang
2023-05-29 16:00:00,1728.0000,zhejiang
2023-05-29 16:15:00,1920.0000,zhejiang
2023-05-29 16:30:00,1630.0000,zhejiang
2023-05-29 16:45:00,2140.0000,zhejiang
2023-05-29 17:00:00,2188.0000,zhejiang
2023-05-29 17:15:00,2318.0000,zhejiang
2023-05-29 17:30:00,2359.0000,zhejiang
2023-05-29 17:45:00,2551.0000,zhejiang
2023-05-29 18:00:00,2732.0000,zhejiang
2023-05-29 18:15:00,2987.0000,zhejiang
2023-05-29 18:30:00,2936.0000,zhejiang
2023-05-29 18:45:00,2891.0000,zhejiang
2023-05-29 19:00:00,2793.0000,zhejiang
2023-05-29 19:15:00,2703.0000,zhejiang
2023-05-29 19:30:00,2439.0000,zhejiang
2023-05-29 19:45:00,2403.0000,zhejiang
2023-05-29 20:00:00,2404.0000,zhejiang
2023-05-29 20:15:00,2545.0000,zhejiang
2023-05-29 20:30:00,2614.0000,zhejiang
2023-05-29 20:45:00,2793.0000,zhejiang
2023-05-29 21:00:00,2726.0000,zhejiang
2023-05-29 21:15:00,2711.0000,zhejiang
2023-05-29 21:30:00,2755.0000,zhejiang
2023-05-29 21:45:00,2652.0000,zhejiang
2023-05-29 22:00:00,2536.0000,zhejiang
2023-05-29 22:15:00,2661.0000,zhejiang
2023-05-29 22:30:00,2580.0000,zhejiang
2023-05-29 22:45:00,2451.0000,zhejiang
2023-05-29 23:00:00,2551.0000,zhejiang
2023-05-29 23:15:00,2479.0000,zhejiang
2023-05-29 23:30:00,2395.0000,zhejiang
2023-05-29 23:45:00,2468.0000,zhejiang
2023-05-30 00:00:00,2397.0000,zhejiang
2023-05-30 00:15:00,2500.0000,zhejiang
2023-05-30 00:30:00,2456.0000,zhejiang
2023-05-30 00:45:00,2418.0000,zhejiang
2023-05-30 01:00:00,2489.0000,zhejiang
2023-05-30 01:15:00,2456.0000,zhejiang
2023-05-30 01:30:00,2234.0000,zhejiang
2023-05-30 01:45:00,2612.0000,zhejiang
2023-05-30 02:00:00,2479.0000,zhejiang
2023-05-30 02:15:00,2824.0000,zhejiang
2023-05-30 02:30:00,2600.0000,zhejiang
2023-05-30 02:45:00,2897.0000,zhejiang
2023-05-30 03:00:00,2644.0000,zhejiang
2023-05-30 03:15:00,2721.0000,zhejiang
2023-05-30 03:30:00,2575.0000,zhejiang
2023-05-30 03:45:00,2715.0000,zhejiang
2023-05-30 04:00:00,2680.0000,zhejiang
2023-05-30 04:15:00,2537.0000,zhejiang
2023-05-30 04:30:00,2338.0000,zhejiang
2023-05-30 04:45:00,2657.0000,zhejiang
2023-05-30 05:00:00,2658.0000,zhejiang
2023-05-30 05:15:00,2351.0000,zhejiang
2023-05-30 05:30:00,2551.0000,zhejiang
2023-05-30 05:45:00,2371.0000,zhejiang
2023-05-30 06:00:00,2209.0000,zhejiang
2023-05-30 06:15:00,2221.0000,zhejiang
2023-05-30 06:30:00,2160.0000,zhejiang
2023-05-30 06:45:00,2115.0000,zhejiang
2023-05-30 07:00:00,1834.0000,zhejiang
2023-05-30 07:15:00,1932.0000,zhejiang
2023-05-30 07:30:00,1924.0000,zhejiang
2023-05-30 07:45:00,1903.0000,zhejiang
2023-05-30 08:00:00,1568.0000,zhejiang
2023-05-30 08:15:00,1446.0000,zhejiang
2023-05-30 08:30:00,1453.0000,zhejiang
2023-05-30 08:45:00,1629.0000,zhejiang
2023-05-30 09:00:00,1187.0000,zhejiang
2023-05-30 09:15:00,1237.0000,zhejiang
2023-05-30 09:30:00,1094.0000,zhejiang
2023-05-30 09:45:00,148.0000,zhejiang
2023-05-30 10:00:00,544.0000,zhejiang
2023-05-30 10:15:00,1552.0000,zhejiang
2023-05-30 10:30:00,1261.0000,zhejiang
2023-05-30 10:45:00,439.0000,zhejiang
2023-05-30 11:00:00,-556.0000,zhejiang
2023-05-30 11:15:00,269.0000,zhejiang
2023-05-30 11:30:00,912.0000,zhejiang
2023-05-30 11:45:00,874.0000,zhejiang
2023-05-30 12:00:00,1242.0000,zhejiang
2023-05-30 12:15:00,1179.0000,zhejiang
2023-05-30 12:30:00,1121.0000,zhejiang
2023-05-30 12:45:00,289.0000,zhejiang
2023-05-30 13:00:00,484.0000,zhejiang
2023-05-30 13:15:00,244.0000,zhejiang
2023-05-30 13:30:00,503.0000,zhejiang
2023-05-30 13:45:00,368.0000,zhejiang
2023-05-30 14:00:00,451.0000,zhejiang
2023-05-30 14:15:00,721.0000,zhejiang
2023-05-30 14:30:00,833.0000,zhejiang
2023-05-30 14:45:00,963.0000,zhejiang
2023-05-30 15:00:00,1034.0000,zhejiang
2023-05-30 15:15:00,1105.0000,zhejiang
2023-05-30 15:30:00,1335.0000,zhejiang
2023-05-30 15:45:00,1760.0000,zhejiang
2023-05-30 16:00:00,1812.0000,zhejiang
2023-05-30 16:15:00,1707.0000,zhejiang
2023-05-30 16:30:00,2120.0000,zhejiang
2023-05-30 16:45:00,2326.0000,zhejiang
2023-05-30 17:00:00,2632.0000,zhejiang
2023-05-30 17:15:00,2230.0000,zhejiang
2023-05-30 17:30:00,2346.0000,zhejiang
2023-05-30 17:45:00,2592.0000,zhejiang
2023-05-30 18:00:00,2910.0000,zhejiang
2023-05-30 18:15:00,2736.0000,zhejiang
2023-05-30 18:30:00,2687.0000,zhejiang
2023-05-30 18:45:00,2871.0000,zhejiang
2023-05-30 19:00:00,2963.0000,zhejiang
2023-05-30 19:15:00,2838.0000,zhejiang
2023-05-30 19:30:00,2736.0000,zhejiang
2023-05-30 19:45:00,2689.0000,zhejiang
2023-05-30 20:00:00,2458.0000,zhejiang
2023-05-30 20:15:00,2803.0000,zhejiang
2023-05-30 20:30:00,2833.0000,zhejiang
2023-05-30 20:45:00,2767.0000,zhejiang
2023-05-30 21:00:00,2996.0000,zhejiang
2023-05-30 21:15:00,3014.0000,zhejiang
2023-05-30 21:30:00,2705.0000,zhejiang
2023-05-30 21:45:00,2768.0000,zhejiang
2023-05-30 22:00:00,2852.0000,zhejiang
2023-05-30 22:15:00,2718.0000,zhejiang
2023-05-30 22:30:00,2679.0000,zhejiang
2023-05-30 22:45:00,2797.0000,zhejiang
2023-05-30 23:00:00,2853.0000,zhejiang
2023-05-30 23:15:00,2663.0000,zhejiang
2023-05-30 23:30:00,2613.0000,zhejiang
2023-05-30 23:45:00,2740.0000,zhejiang
2023-05-31 00:00:00,2954.0000,zhejiang
2023-05-31 00:15:00,2908.0000,zhejiang
2023-05-31 00:30:00,2862.0000,zhejiang
2023-05-31 00:45:00,2665.0000,zhejiang
2023-05-31 01:00:00,2709.0000,zhejiang
2023-05-31 01:15:00,2346.0000,zhejiang
2023-05-31 01:30:00,2589.0000,zhejiang
2023-05-31 01:45:00,2699.0000,zhejiang
2023-05-31 02:00:00,2542.0000,zhejiang
2023-05-31 02:15:00,2634.0000,zhejiang
2023-05-31 02:30:00,2615.0000,zhejiang
2023-05-31 02:45:00,2672.0000,zhejiang
2023-05-31 03:00:00,2630.0000,zhejiang
2023-05-31 03:15:00,2789.0000,zhejiang
2023-05-31 03:30:00,2861.0000,zhejiang
2023-05-31 03:45:00,2766.0000,zhejiang
2023-05-31 04:00:00,2700.0000,zhejiang
2023-05-31 04:15:00,2549.0000,zhejiang
2023-05-31 04:30:00,2675.0000,zhejiang
2023-05-31 04:45:00,2624.0000,zhejiang
2023-05-31 05:00:00,2697.0000,zhejiang
2023-05-31 05:15:00,2678.0000,zhejiang
2023-05-31 05:30:00,2643.0000,zhejiang
2023-05-31 05:45:00,2596.0000,zhejiang
2023-05-31 06:00:00,2575.0000,zhejiang
2023-05-31 06:15:00,2495.0000,zhejiang
2023-05-31 06:30:00,2344.0000,zhejiang
2023-05-31 06:45:00,2356.0000,zhejiang
2023-05-31 07:00:00,2221.0000,zhejiang
2023-05-31 07:15:00,2267.0000,zhejiang
2023-05-31 07:30:00,2140.0000,zhejiang
2023-05-31 07:45:00,2438.0000,zhejiang
2023-05-31 08:00:00,2164.0000,zhejiang
2023-05-31 08:15:00,2299.0000,zhejiang
2023-05-31 08:30:00,2633.0000,zhejiang
2023-05-31 08:45:00,2519.0000,zhejiang
2023-05-31 09:00:00,2446.0000,zhejiang
2023-05-31 09:15:00,2944.0000,zhejiang
2023-05-31 09:30:00,2867.0000,zhejiang
2023-05-31 09:45:00,2641.0000,zhejiang
2023-05-31 10:00:00,2708.0000,zhejiang
2023-05-31 10:15:00,2720.0000,zhejiang
2023-05-31 10:30:00,2737.0000,zhejiang
2023-05-31 10:45:00,2825.0000,zhejiang
2023-05-31 11:00:00,2653.0000,zhejiang
2023-05-31 11:15:00,2504.0000,zhejiang
2023-05-31 11:30:00,1566.0000,zhejiang
2023-05-31 11:45:00,2108.0000,zhejiang
2023-05-31 12:00:00,2758.0000,zhejiang
2023-05-31 12:15:00,2153.0000,zhejiang
2023-05-31 12:30:00,2347.0000,zhejiang
2023-05-31 12:45:00,1669.0000,zhejiang
2023-05-31 13:00:00,1386.0000,zhejiang
2023-05-31 13:15:00,1008.0000,zhejiang
2023-05-31 13:30:00,823.0000,zhejiang
2023-05-31 13:45:00,1862.0000,zhejiang
2023-05-31 14:00:00,1214.0000,zhejiang
2023-05-31 14:15:00,1563.0000,zhejiang
2023-05-31 14:30:00,1960.0000,zhejiang
2023-05-31 14:45:00,1368.0000,zhejiang
2023-05-31 15:00:00,1930.0000,zhejiang
2023-05-31 15:15:00,2638.0000,zhejiang
2023-05-31 15:30:00,2972.0000,zhejiang
2023-05-31 15:45:00,3269.0000,zhejiang
2023-05-31 16:00:00,3320.0000,zhejiang
2023-05-31 16:15:00,3475.0000,zhejiang
2023-05-31 16:30:00,3408.0000,zhejiang
2023-05-31 16:45:00,3358.0000,zhejiang
2023-05-31 17:00:00,3223.0000,zhejiang
2023-05-31 17:15:00,3061.0000,zhejiang
2023-05-31 17:30:00,3078.0000,zhejiang
2023-05-31 17:45:00,3361.0000,zhejiang
2023-05-31 18:00:00,3467.0000,zhejiang
2023-05-31 18:15:00,3663.0000,zhejiang
2023-05-31 18:30:00,3623.0000,zhejiang
2023-05-31 18:45:00,3371.0000,zhejiang
2023-05-31 19:00:00,3201.0000,zhejiang
2023-05-31 19:15:00,2977.0000,zhejiang
2023-05-31 19:30:00,3082.0000,zhejiang
2023-05-31 19:45:00,2946.0000,zhejiang
2023-05-31 20:00:00,2961.0000,zhejiang
2023-05-31 20:15:00,2890.0000,zhejiang
2023-05-31 20:30:00,2998.0000,zhejiang
2023-05-31 20:45:00,2988.0000,zhejiang
2023-05-31 21:00:00,2966.0000,zhejiang
2023-05-31 21:15:00,3000.0000,zhejiang
2023-05-31 21:30:00,2904.0000,zhejiang
2023-05-31 21:45:00,2950.0000,zhejiang
2023-05-31 22:00:00,2787.0000,zhejiang
2023-05-31 22:15:00,2878.0000,zhejiang
2023-05-31 22:30:00,2747.0000,zhejiang
2023-05-31 22:45:00,2736.0000,zhejiang
2023-05-31 23:00:00,2828.0000,zhejiang
2023-05-31 23:15:00,2780.0000,zhejiang
2023-05-31 23:30:00,2899.0000,zhejiang
2023-05-31 23:45:00,3001.0000,zhejiang
